0	0	0	0	0	0	0	0	0	0	0	0	0	1	0	0	0	0	0.07	0.09
0	0	0	0	0	0	0	0	0	0	0	0	0	0	0	0	0	0	0	0
0	0	0	0	0	0	0	0	0	0	0	0	0	0	0	0	0	0	0	0
0	0	0	0	0	0	0	0	1	0	0	0	0	0	0	0	0	0	0.06	0.09
0	0	0	0	0	0	0	0	0	0	0	0	0	0	0	0	0	0	0	0
0	0	0	0	0	1	0	0	0	0	0	0	0	0	0	0	0	0	0.08	0.12
0	0	0	0	0	0	0	0	0	0	0	0	0	0	0	0	0	0	0	0
0	0	0	0	0	1	1	0	0	0	0	0	0	1	0	0	0	1	0.18804	0.18804
0	0	0	0	0	0	0	0	0	0	0	0	0	0	0	0	0	0	0	0
0	0	0	0	0	0	0	0	0	0	0	1	0	1	0	0	0	0	0.1	0.12
0	0	0	0	0	0	0	0	0	0	0	1	0	0	0	0	0	0	0.15	0.15
0	0	0	0	0	0	0	0	0	1	0	0	0	1	0	0	0	0	0.169236	0.169236
0	0	0	0	0	0	0	1	0	0	0	1	0	0	0	0	0	0	0.1	0.1
0	0	0	0	0	0	0	0	1	0	0	0	0	0	0	0	0	0	0.04	0.04
0	0	0	0	0	1	0	1	0	0	0	1	0	0	0	0	0	0	0.17	0.17
0	0	0	0	0	0	0	0	0	0	0	0	0	0	0	0	0	0	0	0
0	0	0	0	0	0	0	0	0	0	0	0	0	0	0	0	0	0	0	0
0	0	0	0	0	1	0	1	0	0	0	1	0	0	0	0	0	0	0.17	0.205
0	0	0	0	0	0	0	0	0	0	0	0	0	0	0	0	0	1	0.07	0.1
0	0	0	0	0	1	0	0	0	0	0	0	0	1	0	0	0	1	0.05	0.1
0	0	0	0	0	0	0	0	0	0	0	0	0	1	0	0	0	0	0.035	0.035
0	0	0	0	0	0	0	0	0	0	0	0	0	0	0	0	0	0	0	0
0	0	0	0	0	0	0	0	0	0	0	0	0	1	0	0	0	1	0.1	0.1
0	0	0	0	0	0	0	1	0	1	0	0	0	0	0	0	0	0	0.17	0.17
0	0	0	0	0	0	0	1	0	0	0	0	0	1	0	0	0	0	0.18	0.18
0	0	0	0	0	0	0	0	0	0	0	0	0	0	0	0	0	0	0	0
0	0	0	0	0	0	0	1	0	0	0	0	0	0	0	0	0	0	0.18	0.18
0	0	0	0	0	0	0	0	1	0	0	0	0	0	0	0	0	0	0.05	0.1
0	0	0	0	0	0	0	0	0	0	0	0	0	0	0	0	0	0	0	0
0	0	0	0	0	0	0	0	0	0	0	0	0	0	0	0	0	0	0	0
0	0	0	0	0	0	0	0	0	0	0	0	0	0	0	0	0	0	0	0
0	0	0	0	0	0	0	0	0	0	0	0	0	0	0	0	0	0	0	0
0	0	0	0	0	0	0	0	0	0	0	0	0	1	0	0	0	1	0.15	0.15
0	0	0	0	0	0	0	0	0	0	0	0	0	0	0	0	0	0	0	0
0	0	0	0	0	1	0	0	0	0	0	0	0	0	0	0	0	0	0.2	0.2
0	0	0	0	0	0	0	0	0	0	0	0	0	1	0	0	0	0	0.025	0.045
0	0	0	0	0	0	0	1	0	0	0	0	0	0	0	0	0	0	0.2	0.2
0	0	0	0	0	0	0	0	0	0	0	0	0	0	0	0	0	0	0	0
0	0	0	0	0	0	0	0	0	0	0	0	0	0	0	0	0	0	0	0
0	0	0	0	0	1	0	0	0	0	0	0	0	0	0	0	0	0	0.075	0.075
0	0	0	0	0	0	0	0	0	1	0	0	0	1	1	0	0	1	0.1	0.15
0	0	0	0	1	0	0	0	0	0	0	0	0	0	0	0	0	0	0.04	0.04
0	0	0	0	0	0	0	0	0	0	0	0	0	1	0	0	0	0	0.09	0.12
0	0	0	0	1	0	0	0	0	0	0	0	0	0	0	0	0	0	0.12	0.3
0	0	0	0	0	0	0	0	0	0	0	0	0	1	0	0	0	0	0.03	0.03
0	0	0	0	0	0	0	0	0	0	0	0	0	0	0	0	0	0	0	0
0	0	0	0	0	0	0	0	0	0	0	0	0	0	0	0	0	0	0	0
0	0	0	0	1	0	0	0	0	1	0	0	0	0	0	0	0	0	0.18	0.18
0	0	0	0	0	0	0	0	0	0	0	0	0	1	0	0	0	0	0.045	0.07
0	1	0	0	0	0	0	0	0	0	0	0	0	1	0	0	0	0	0.02	0.035
0	0	0	0	0	0	0	0	1	0	0	0	0	0	0	0	0	0	0.1	0.13
0	0	0	0	0	0	0	0	0	0	0	0	0	0	0	0	0	0	0	0
0	0	0	0	0	0	0	1	0	0	0	0	0	0	0	0	0	0	0.1	0.1
0	0	0	0	0	0	0	0	0	0	0	1	0	0	0	0	0	0	0.085	0.085
0	0	0	0	0	0	0	0	0	0	0	1	0	0	0	0	0	0	0.13	0.13
0	0	0	0	0	0	0	0	0	0	0	0	0	1	0	0	0	0	0.025	0.04
0	0	0	0	0	0	0	0	1	0	0	0	0	0	0	0	0	0	0.015	0.03
0	0	0	0	0	0	0	0	0	0	0	0	0	0	0	0	0	0	0	0
0	0	0	0	0	1	0	0	0	1	0	0	0	0	0	0	0	0	0.07	0.1
0	0	0	0	0	0	0	0	0	0	0	0	0	0	0	0	0	0	0	0
0	0	0	0	0	1	0	1	0	1	0	0	0	1	0	0	0	0	0.025	0.025
0	0	0	0	0	0	0	0	0	0	0	0	0	0	0	0	0	0	0	0
0	0	0	0	0	0	0	0	0	0	0	0	0	0	0	0	0	0	0	0
0	0	0	0	1	0	0	0	0	0	0	0	0	0	0	0	0	0	0.028	0.028
0	0	0	0	1	0	0	0	0	0	0	0	0	0	0	0	0	0	0.0675	0.0675
0	0	0	0	0	0	0	0	1	0	0	0	0	0	0	0	0	0	0.13	0.13
0	0	0	0	0	0	0	0	0	0	0	0	0	0	0	0	0	0	0	0
0	0	0	0	0	1	0	0	0	0	0	0	0	0	0	0	0	0	0.1035	0.1035
0	0	0	0	0	0	0	0	0	0	0	0	0	0	0	0	0	0	0	0
0	0	0	0	0	0	0	1	0	0	0	0	0	0	0	0	0	1	0.07	0.15
0	0	0	0	0	1	0	0	0	0	0	0	0	1	0	0	0	1	0.08	0.13
0	0	0	0	1	0	0	0	0	0	0	0	0	0	0	0	0	0	0.04	0.04
0	0	0	0	0	1	0	1	0	0	0	0	0	1	0	0	0	0	0.14	0.18
0	0	0	0	0	0	0	0	0	0	0	0	0	1	1	0	0	1	0.1	0.1
0	0	0	0	0	0	0	0	0	0	0	0	0	0	0	0	0	0	0	0
0	0	0	0	0	0	0	0	0	0	0	0	0	0	0	0	0	0	0	0
0	0	0	0	0	0	0	0	0	0	0	0	0	0	0	0	0	0	0	0
0	0	0	0	0	0	0	0	0	0	0	0	0	0	0	0	0	0	0	0
0	0	0	0	0	0	0	0	0	0	0	0	0	0	0	0	0	0	0	0
0	0	0	0	0	0	0	0	1	0	0	0	0	0	0	0	0	0	0.07	0.07
0	0	0	0	0	1	0	0	0	0	0	0	0	0	0	0	0	0	0.15	0.15
0	0	0	0	0	0	0	1	0	0	0	1	0	1	0	0	0	1	0.035	0.035
0	0	0	0	0	0	0	0	0	0	0	0	0	0	0	0	0	0	0	0
0	0	0	0	0	0	0	0	0	0	0	0	0	0	0	0	0	0	0	0
0	0	0	0	0	0	0	0	0	0	0	0	0	0	0	0	0	0	0	0
0	0	0	0	0	0	0	0	0	0	0	0	0	0	0	0	0	0	0	0
0	0	0	0	0	0	0	0	0	0	0	0	0	0	0	0	0	0	0	0
0	0	0	0	0	0	0	0	0	0	0	0	0	0	0	0	0	0	0	0
0	0	0	0	0	0	0	0	0	0	0	0	0	1	1	0	0	0	0.12	0.12
0	0	0	0	0	0	0	0	0	0	0	1	0	0	0	0	0	0	0.05	0.05
0	0	0	0	0	0	0	0	0	1	0	0	0	1	1	0	0	0	0.12	0.12
0	0	0	0	0	0	0	0	0	0	0	0	0	0	0	0	0	0	0	0
0	0	0	0	0	1	0	0	0	0	0	0	0	1	0	0	0	0	0.09	0.11
0	0	0	0	0	0	0	1	1	1	0	0	0	0	0	0	0	0	0.07	0.15
0	0	0	0	0	0	0	0	0	1	0	0	0	1	0	0	0	1	0.07	0.07
0	0	0	0	0	0	0	0	0	0	0	0	0	1	0	0	0	0	0.07	0.12
0	0	0	0	0	1	0	0	0	0	0	0	0	0	0	0	0	0	0.12	0.12
0	0	0	0	0	0	0	0	0	0	0	1	0	1	0	0	0	1	0.1	0.1
0	0	0	0	0	0	0	0	0	0	0	1	0	1	0	0	0	1	0.1	0.1
0	0	0	0	0	1	0	0	0	0	0	0	0	1	1	0	0	0	0.017655	0.017655
0	0	0	0	0	0	0	0	0	0	0	0	0	0	0	0	0	0	0	0
0	0	0	0	1	0	0	0	0	0	0	0	0	0	0	0	0	0	0.045	0.045
0	0	0	0	0	0	0	0	0	0	0	0	0	0	0	0	0	0	0	0
0	0	0	0	0	0	0	0	0	1	0	0	0	1	1	0	0	0	0.14	0.14
0	0	0	0	0	0	0	0	0	0	0	1	0	0	0	0	0	1	0.14	0.14
0	0	0	0	0	0	0	1	0	0	0	0	0	0	0	0	0	0	0.05	0.05
0	0	0	0	0	0	0	1	0	0	0	0	0	0	0	0	0	0	0.08	0.08
0	0	0	0	0	0	0	0	0	0	0	0	0	0	0	0	0	0	0	0
0	0	0	0	0	1	0	0	0	0	0	0	0	0	0	0	0	0	0.085	0.085
0	0	0	0	0	0	0	0	0	0	0	0	0	0	0	0	0	0	0	0
0	0	0	0	0	0	0	0	0	0	0	0	0	0	0	0	0	0	0	0
0	0	0	0	1	0	0	0	0	0	0	0	0	0	0	0	0	0	0.034	0.034
0	0	0	0	0	0	0	0	0	0	0	0	0	1	0	0	0	1	0.09	0.09
0	0	0	0	0	0	0	1	1	0	0	0	0	0	0	0	0	0	0.15	0.15
0	0	0	0	0	0	0	0	0	0	0	0	0	0	0	0	0	0	0	0
0	0	0	0	1	0	0	0	0	0	0	0	0	0	0	0	0	0	0.05	0.05
0	0	0	0	0	0	0	0	1	0	0	0	0	1	0	0	0	0	0.04	0.12
0	0	0	0	0	0	0	0	0	0	0	0	0	0	0	0	0	0	0	0
0	0	0	0	0	0	0	0	0	0	0	0	0	0	0	0	0	0	0	0
0	0	0	0	0	0	0	0	1	0	0	0	0	0	0	0	0	0	0.03	0.055
0	0	0	0	0	0	0	0	0	0	0	0	0	0	0	0	0	0	0	0
0	0	0	0	0	1	1	0	0	0	0	1	0	1	0	0	0	1	0.045	0.1
0	0	0	0	0	1	1	0	0	0	0	0	0	0	0	0	0	0	0.12	0.12
0	0	0	0	0	0	0	0	0	0	0	1	0	1	0	0	0	1	0.25	0.25
0	0	0	0	0	0	0	0	0	0	0	1	0	1	0	0	0	1	0.1	0.1
0	0	0	0	0	0	0	1	0	1	0	0	0	1	0	0	0	0	0.14	0.14
0	0	0	0	0	0	0	0	0	0	0	0	0	0	0	0	0	0	0	0
0	0	0	0	0	0	0	1	0	0	0	1	0	1	0	0	0	1	0.14	0.14
0	0	0	0	0	0	0	0	0	0	0	1	0	1	0	0	0	1	0.12	0.12
0	0	0	0	0	0	0	0	0	0	0	0	0	0	0	0	0	0	0	0
0	0	0	0	0	1	0	1	0	0	0	1	0	0	0	0	0	0	0.2	0.2
0	0	0	0	0	0	0	0	0	0	0	0	0	1	0	0	0	1	0.11	0.11
0	0	0	0	0	1	1	1	0	0	0	1	0	1	1	0	0	1	0.08	0.12
0	0	0	0	0	0	0	1	0	0	0	0	0	0	0	0	0	0	0.1	0.18
0	0	0	0	0	0	0	1	0	0	0	0	0	0	0	0	0	0	0.08	0.08
0	0	0	0	0	0	0	0	0	0	0	0	0	1	0	0	0	0	0.05	0.075
0	0	0	0	0	0	0	0	0	0	0	0	0	0	0	0	0	0	0	0
0	0	0	0	0	0	0	0	0	0	0	0	0	0	0	0	0	0	0	0
0	0	0	0	0	0	0	0	0	0	0	0	0	0	0	0	0	0	0	0
0	0	0	0	0	0	0	1	0	0	0	0	0	0	0	0	0	0	0.05	0.07
0	0	0	0	0	0	0	0	0	0	0	0	0	0	0	0	0	0	0	0
0	0	0	0	0	0	0	1	0	0	0	1	0	1	1	0	0	1	0.05	0.16
0	0	0	0	0	1	0	0	0	0	0	0	0	1	1	0	0	1	0.09	0.09
0	0	0	0	0	0	0	0	0	0	0	0	0	0	0	0	0	0	0	0
0	0	0	0	0	1	0	1	1	1	0	0	0	1	1	0	0	0	0.1	0.15
0	0	0	0	0	0	0	0	0	1	0	0	0	0	0	0	0	0	0.145	0.145
0	0	0	0	0	0	0	0	0	0	0	1	0	1	0	0	0	0	0.1	0.1
0	0	0	0	0	0	0	0	1	0	0	0	0	0	0	0	0	0	0.08	0.1
0	0	0	0	0	0	0	0	0	0	0	0	0	0	0	0	0	0	0	0
0	0	0	0	0	0	0	1	0	0	0	0	0	0	0	0	0	0	0.15	0.15
0	0	0	0	0	0	0	0	0	0	0	0	0	0	0	0	0	0	0	0
0	0	0	0	0	1	0	1	0	0	0	0	0	0	0	0	0	0	0.12	0.12
0	0	0	0	0	0	0	0	0	0	0	1	0	1	0	0	0	0	0.133	0.133
0	0	0	0	0	0	0	0	1	0	0	0	0	0	0	0	0	0	0.1	0.1
0	1	0	0	0	0	0	0	0	0	0	1	0	1	0	0	0	0	0.07	0.1
0	0	0	0	1	0	0	0	0	0	0	0	0	0	0	0	0	0	0.1	0.1
0	0	0	0	0	0	0	0	0	0	0	0	0	1	1	0	0	0	0.12	0.12
0	0	0	0	0	1	0	0	0	0	0	0	0	0	0	0	0	0	0.07	0.13
0	0	0	0	0	0	0	0	0	1	0	0	0	1	0	0	0	0	0.08	0.08
0	0	0	0	0	0	0	0	0	0	0	0	0	0	0	0	0	0	0	0
0	0	0	0	0	0	1	1	0	0	0	0	0	0	0	0	0	0	0.12	0.12
0	0	0	0	0	1	0	1	0	0	0	0	0	1	0	0	0	0	0.12	0.12
0	0	0	0	0	0	0	0	1	0	0	0	0	0	0	0	0	0	0.1567	0.1567
0	0	0	0	0	0	0	0	0	0	0	0	0	0	0	0	0	0	0	0
0	1	0	0	0	0	0	0	0	0	0	0	0	1	0	0	0	1	0.07	0.12
0	0	0	0	0	1	0	0	0	0	0	0	0	0	0	0	0	0	0.1	0.15
0	0	0	0	0	1	0	0	0	0	0	0	0	0	0	0	0	0	0.03125	0.03125
0	0	0	0	0	0	0	0	0	0	0	0	0	0	0	0	0	0	0	0
0	0	0	0	0	0	0	0	0	0	0	1	0	1	0	0	0	1	0.13	0.13
0	0	0	0	0	0	0	0	0	1	0	0	0	0	0	0	0	0	0.12	0.12
0	0	0	0	0	0	0	1	1	0	0	0	0	0	0	0	0	0	0.1	0.14
0	0	0	0	0	0	0	0	0	0	0	0	0	0	0	0	0	0	0	0
0	0	0	0	0	0	0	0	0	0	0	0	0	1	1	0	0	0	0.08	0.08
0	0	0	0	0	0	0	0	0	0	0	0	0	1	1	0	0	0	0.06	0.06
0	0	0	0	0	0	0	0	0	1	0	0	0	1	0	0	0	1	0.07	0.07
0	0	0	0	0	0	0	0	0	1	0	0	0	1	0	0	0	1	0.115	0.115
0	0	0	0	0	0	0	1	0	0	0	1	0	0	0	0	0	0	0.09	0.09
0	0	0	0	0	0	0	0	0	0	0	0	0	0	0	0	0	1	0.085	0.12
0	0	0	0	0	0	0	0	0	0	0	0	0	0	0	0	0	0	0	0
0	0	0	0	0	0	0	1	0	0	0	0	0	0	0	0	0	0	0.18	0.2
0	0	0	0	0	0	0	0	0	0	0	1	0	0	0	0	0	0	0.12	0.18
0	0	0	0	0	0	0	1	0	0	0	0	0	1	0	0	0	1	0.13	0.13
0	0	0	0	0	0	0	0	0	0	0	0	0	1	1	0	0	1	0.18	0.18
0	0	0	0	0	0	0	0	0	1	0	0	0	0	0	0	0	0	0.19	0.19
0	0	0	0	0	0	0	0	1	0	0	1	0	0	0	0	0	0	0.15	0.18
0	0	0	0	0	1	0	1	0	0	0	0	0	0	0	0	0	0	0.14	0.14
0	0	0	0	0	0	0	0	0	0	0	0	0	0	0	0	0	0	0	0
0	0	0	0	0	0	0	1	0	0	0	1	0	0	0	0	0	0	0.15	0.15
0	0	0	0	0	0	0	0	0	0	0	1	0	1	0	0	0	0	0.16	0.16
0	0	0	0	0	0	0	0	0	0	0	1	0	1	0	0	0	0	0.1	0.115
0	0	0	0	0	0	0	0	0	1	0	0	0	1	0	0	0	0	0.08	0.08
0	0	0	0	0	1	0	1	0	0	0	0	0	0	0	0	0	0	0.065	0.065
0	0	0	0	0	1	0	0	0	0	0	0	0	0	0	0	0	0	0.08	0.15
0	0	0	0	1	0	0	0	0	0	0	0	0	0	0	0	0	0	0.06	0.08
0	0	0	0	0	0	0	1	0	0	0	0	0	0	0	0	0	0	0.065	0.065
0	0	0	0	0	0	0	0	0	0	0	0	0	1	1	0	0	0	0.21938	0.28206
0	0	0	0	0	0	0	1	0	1	0	0	0	1	1	0	0	1	0.12	0.2
0	0	0	0	0	0	0	0	0	0	0	0	0	0	0	0	0	0	0	0
0	0	0	0	0	0	0	0	0	0	0	0	0	0	0	0	0	0	0	0
0	0	0	0	1	0	0	0	0	0	0	0	0	1	0	0	0	0	0.06	0.06
0	0	0	0	0	0	0	0	1	0	0	0	0	0	0	0	0	0	0.03	0.03
0	0	0	0	0	0	0	0	0	1	0	0	0	1	0	0	0	1	0.09	0.12
0	0	0	0	1	0	0	0	0	0	0	0	0	0	0	0	0	0	0.12	0.12
0	0	0	0	0	0	0	0	0	0	0	0	0	0	0	0	0	0	0	0
0	0	0	0	1	0	0	0	0	0	0	0	0	1	0	0	0	0	0.08	0.08
0	0	0	0	0	1	0	0	0	0	0	1	0	0	0	0	0	0	0.065	0.075
0	0	0	0	0	0	0	0	0	0	0	0	0	0	1	0	0	0	0.14	0.14
0	0	0	0	0	0	0	0	0	0	0	0	0	0	0	0	0	0	0	0
0	0	0	0	0	0	0	0	0	0	0	0	0	1	1	0	0	1	0.1	0.1
0	0	0	0	0	0	0	0	0	0	0	0	0	0	0	0	0	1	0.03	0.03
0	0	0	0	0	0	0	0	0	0	0	0	0	0	0	0	0	0	0	0
0	0	0	0	0	0	0	1	1	0	0	0	0	0	0	0	0	0	0.1	0.2
0	0	0	0	0	0	0	0	0	0	0	1	0	1	0	0	0	0	0.05	0.05
0	0	0	0	0	0	0	0	0	0	0	0	0	1	0	0	0	0	0.09	0.09
0	0	0	0	0	1	0	0	0	0	0	0	0	0	0	0	0	0	0.06	0.18
0	0	0	0	0	0	0	1	0	0	0	0	0	0	0	0	0	0	0.08	0.08
0	0	0	0	0	0	0	1	0	0	0	0	0	1	0	0	0	0	0.045	0.045
0	0	0	0	0	0	0	1	1	0	0	0	0	1	0	0	0	1	0.1177	0.147125
0	0	0	0	0	0	0	0	0	0	0	0	0	1	0	0	0	0	0.12	0.12
0	0	0	0	1	0	0	0	0	0	0	0	0	0	0	0	0	0	0.02	0.04
0	0	0	0	0	1	0	0	0	0	0	1	0	1	0	0	0	1	0.13	0.13
0	0	0	0	0	1	0	0	0	0	0	0	0	1	0	0	0	0	0.017655	0.17655
0	0	0	0	0	0	0	0	0	0	0	0	0	0	0	0	0	0	0	0
0	0	0	0	0	0	0	1	0	0	0	0	0	1	0	0	0	0	0.07	0.07
0	0	0	0	0	0	0	0	0	0	0	0	0	0	0	0	0	0	0	0
0	0	0	0	0	0	0	0	0	0	0	1	0	1	0	0	0	1	0.07	0.07
0	0	0	0	0	0	0	0	0	0	0	0	0	1	0	0	0	1	0.1	0.1
0	0	0	0	1	0	0	0	0	0	0	0	0	0	0	0	0	0	0.06	0.06
0	0	0	0	0	0	0	0	0	0	0	0	0	0	0	0	0	0	0	0
0	0	0	0	0	0	0	0	1	0	0	0	0	0	0	0	0	0	0.1	0.1
0	0	0	0	0	0	0	0	1	0	0	0	0	0	0	0	0	0	0.05	0.085
0	0	0	0	0	0	0	0	1	0	0	0	0	0	0	0	0	0	0.12	0.12
0	0	0	0	0	0	0	0	0	0	0	0	0	1	0	0	0	0	0.015	0.015
0	0	0	0	0	0	0	0	0	0	0	0	0	0	0	0	0	0	0	0
0	0	0	0	0	0	0	0	0	0	0	0	0	0	0	0	0	0	0	0
0	0	0	0	1	0	0	0	0	0	0	0	0	0	0	0	0	0	0.0366	0.0366
0	0	0	0	0	0	0	0	0	0	0	1	0	1	0	0	0	1	0.09	0.09
0	0	0	0	0	0	0	0	0	0	0	0	0	1	0	0	0	1	0.06	0.13
0	0	0	0	0	1	0	1	0	0	0	0	0	0	0	0	0	0	0.15	0.15
0	0	0	0	0	0	0	0	0	0	0	0	0	0	0	0	0	0	0	0
0	0	0	0	0	0	0	0	0	0	0	0	0	0	0	0	0	0	0	0
0	0	0	0	0	0	0	0	0	1	0	0	0	1	0	0	0	1	0.09	0.15
0	0	0	0	0	0	0	0	0	1	0	1	0	0	0	0	0	0	0.12	0.18
0	0	0	0	0	0	0	1	1	0	0	0	0	1	0	0	0	1	0.07	0.07
0	1	0	0	0	0	0	0	0	0	0	1	0	1	0	0	0	1	0.1	0.13
0	0	0	0	0	0	0	0	0	1	0	0	0	0	0	0	0	0	0.12	0.12
0	0	0	0	0	0	0	0	0	0	0	0	0	0	0	0	0	0	0	0
0	0	0	0	0	0	0	0	0	0	0	0	0	0	0	0	0	0	0	0
0	0	0	0	0	0	0	0	0	0	0	0	0	0	0	0	0	0	0	0
0	0	0	0	0	0	0	0	0	0	0	0	0	0	0	0	0	1	0.06	0.12
0	0	0	0	0	0	0	0	0	0	0	0	0	1	0	0	0	0	0.04	0.06
0	0	0	0	0	0	0	0	0	1	0	0	0	0	0	0	0	0	0.08	0.08
0	0	0	0	0	0	0	0	0	0	0	1	0	0	0	0	0	0	0.04	0.04
0	0	0	0	1	0	0	0	0	0	0	0	0	0	0	0	0	0	0.03	0.03
0	0	0	0	0	0	0	0	0	1	0	0	0	0	0	0	0	0	0.06	0.11
0	0	0	0	0	0	0	0	0	0	0	1	0	1	0	0	0	0	0.1	0.1
0	0	0	0	0	1	0	0	0	0	0	0	0	0	0	0	0	0	0.08	0.08
0	0	0	0	0	0	0	0	0	0	0	0	0	0	0	0	0	0	0	0
0	0	0	0	0	0	0	0	0	0	0	0	0	0	0	0	0	0	0	0
0	0	0	0	0	0	0	0	1	0	0	0	0	0	0	0	0	0	0.1	0.15
0	0	0	0	0	0	0	0	1	0	0	0	0	0	0	0	0	0	0.05	0.05
0	0	0	0	0	1	1	0	0	0	0	0	0	1	0	0	0	1	0.08	0.12
0	0	0	0	0	0	0	0	0	1	0	0	0	0	0	0	0	0	0.16	0.16
0	0	0	0	0	0	0	0	0	0	0	1	0	0	0	0	0	0	0.1	0.1
0	0	0	0	0	0	0	0	1	0	0	0	0	0	0	0	0	0	0.035	0.043
0	0	0	0	0	0	0	0	0	0	0	0	0	0	0	0	0	0	0	0
0	0	0	0	0	0	0	0	1	1	0	0	0	0	0	0	0	0	0.08	0.08
0	0	0	0	0	1	0	0	0	0	0	0	0	0	0	0	0	0	0.09	0.09
0	0	0	0	0	0	0	0	0	0	0	1	0	1	0	0	0	0	0.06	0.06
0	0	0	0	0	0	0	0	0	0	0	0	0	1	0	0	0	0	0.14	0.14
0	0	0	0	0	0	0	1	0	0	0	0	0	0	0	0	0	0	0.08	0.08
0	0	0	0	0	1	1	0	0	0	0	0	0	1	0	0	0	1	0.08	0.12
0	0	0	0	1	0	0	0	0	0	0	0	0	0	0	0	0	0	0.045	0.045
0	0	0	0	0	0	0	1	0	0	0	0	0	1	0	0	0	0	0.15	0.15
0	0	0	0	1	0	0	0	0	0	0	0	0	0	0	0	0	0	0.025	0.035
0	0	0	0	0	0	0	1	1	0	0	0	0	0	0	0	0	0	0.07	0.125
0	0	0	0	0	0	0	0	0	0	0	0	0	1	1	0	0	0	0.08	0.08
0	0	0	0	0	0	0	0	0	0	0	0	0	1	1	0	0	0	0.06	0.06
0	0	0	0	0	0	0	0	1	0	0	0	0	0	0	0	0	0	0.13	0.13
0	0	0	0	0	0	0	0	0	0	0	0	0	0	0	0	0	0	0	0
0	0	0	0	1	0	0	0	0	0	0	0	0	0	0	0	0	0	0.045	0.045
0	1	0	0	0	0	0	0	0	0	0	1	0	0	0	0	0	0	0.05	0.05
0	0	0	0	0	0	0	0	0	0	0	0	0	0	0	0	0	0	0	0
0	0	0	0	0	0	0	0	0	0	0	0	0	0	0	0	0	0	0	0
0	0	0	0	0	0	0	1	0	0	0	0	0	0	0	0	0	0	0.15	0.19
0	0	0	0	1	0	0	0	0	0	0	0	0	0	0	0	0	0	0.04	0.04
0	0	0	0	0	0	0	0	1	0	0	0	0	0	0	0	0	0	0.05	0.065
0	0	0	0	1	0	0	0	0	0	0	0	0	1	0	0	0	0	0.1	0.1
0	0	0	0	0	0	0	1	0	0	0	0	0	1	0	0	0	0	0.07	0.1
0	0	0	0	0	1	1	0	0	0	0	0	0	0	0	0	0	0	0.11	0.14
0	0	0	0	0	0	0	0	0	0	0	0	0	0	0	0	0	0	0	0
0	0	0	0	0	0	0	0	0	0	0	0	0	0	0	0	0	0	0	0
0	0	0	0	0	0	0	0	1	0	0	0	0	0	0	0	0	0	0.09	0.09
0	0	0	0	0	0	0	0	1	0	0	0	0	0	0	0	0	0	0.025	0.045
0	0	0	0	0	0	0	0	0	0	0	0	0	0	0	0	0	0	0	0
0	0	0	0	1	0	0	0	0	0	0	0	0	0	0	0	0	0	0.023	0.027
0	0	0	0	0	0	0	0	0	0	0	0	0	1	0	0	0	0	0.08	0.08
0	0	0	0	0	0	0	0	0	0	0	0	0	1	0	0	0	1	0.14	0.14
0	0	0	0	0	0	0	0	0	0	0	0	0	0	0	0	0	0	0	0
0	0	0	0	0	0	0	1	1	0	0	0	0	1	0	0	0	1	0.2354	0.29425
0	0	0	0	0	0	0	0	0	0	0	0	0	0	0	0	0	0	0	0
0	0	0	0	1	0	0	0	0	1	0	0	0	0	0	0	0	0	0.12	0.12
0	0	0	0	1	0	0	0	0	0	0	0	0	1	0	0	0	0	0.1177	0.17655
0	0	0	0	0	0	0	1	0	0	0	0	0	1	0	0	0	1	0.09	0.09
0	0	0	0	0	0	0	0	0	0	0	0	0	1	0	0	0	0	0.12	0.12
0	0	0	0	0	0	0	0	0	0	0	0	0	1	1	0	0	0	0.1	0.15
0	0	0	0	0	0	0	0	1	0	0	0	0	0	0	0	0	0	0.12	0.12
0	0	0	0	0	1	1	0	0	0	0	0	0	1	1	0	0	1	0.07	0.1
0	0	0	0	0	0	0	0	0	0	0	0	0	0	0	0	0	0	0	0
0	0	0	0	0	0	0	0	0	0	0	0	0	0	0	0	0	0	0	0
0	0	0	0	0	1	0	1	1	1	0	0	0	0	0	0	0	0	0.15	0.15
0	0	0	0	0	0	0	0	0	1	0	0	0	1	0	0	0	1	0.1	0.1
0	0	0	0	0	0	0	0	0	1	0	0	0	1	0	0	0	1	0.13	0.13
0	0	0	0	0	0	0	0	0	0	0	1	0	0	0	0	0	0	0.06	0.06
0	0	0	0	0	0	0	0	0	0	0	1	0	1	0	0	0	0	0.06	0.12
0	0	0	0	0	0	0	0	1	0	0	0	0	0	0	0	0	0	0.07	0.13
0	0	0	0	0	0	0	0	0	0	0	0	0	0	0	0	0	0	0	0
0	0	0	0	0	0	0	0	1	0	0	0	0	0	0	0	0	0	0.055	0.055
0	0	0	0	0	0	0	0	0	1	0	0	0	0	0	0	0	0	0.08	0.11
0	0	0	0	0	0	0	0	0	0	0	0	0	1	0	0	0	1	0.09	0.09
0	0	0	0	0	0	0	0	0	0	0	1	0	1	0	0	0	0	0.02	0.02
0	0	0	0	0	0	0	1	0	0	0	0	0	0	0	0	0	0	0.05	0.18
0	0	0	0	0	0	0	1	0	0	0	0	0	0	0	0	0	0	0.07	0.1
0	0	0	0	0	0	0	0	1	0	0	0	0	0	0	0	0	0	0.04	0.04
0	0	0	0	0	0	0	0	0	0	0	0	0	1	0	0	0	0	0.025	0.025
0	1	0	0	0	1	0	0	0	0	0	0	0	1	1	0	0	1	0.07	0.15
0	0	0	0	0	0	0	0	0	0	0	1	0	1	0	0	0	0	0.09	0.13
0	0	0	0	0	0	0	0	1	0	0	1	0	0	0	0	0	0	0.15	0.18
0	0	0	0	0	0	0	0	0	0	0	0	0	0	0	0	0	0	0	0
0	1	0	0	0	0	0	0	0	0	0	1	0	1	0	0	0	0	0.2354	0.29425
0	0	0	0	0	1	0	0	0	0	0	0	0	0	0	0	0	0	0.04	0.1
0	0	0	0	0	0	0	0	0	0	0	1	0	0	0	0	0	0	0.05	0.05
0	0	0	0	0	1	0	0	0	1	0	0	0	1	0	0	0	0	0.12	0.12
0	0	0	0	0	0	0	0	0	0	0	0	0	1	0	0	0	0	0.039	0.039
0	0	0	0	0	1	1	0	0	0	0	0	0	0	0	0	0	0	0.12	0.14
0	0	0	0	0	0	0	0	0	0	0	1	0	1	0	0	0	0	0.02	0.035
0	0	0	0	0	1	0	0	0	0	0	1	0	0	0	0	0	0	0.1	0.1
0	0	0	0	0	0	0	0	0	0	0	0	0	1	0	0	0	0	0.12	0.12
0	0	0	0	0	0	0	0	1	0	0	0	0	0	0	0	0	0	0.08	0.15
0	0	0	0	0	0	0	0	0	0	0	1	0	1	0	0	0	0	0.06	0.06
0	0	0	0	0	0	0	0	0	0	0	0	0	0	0	0	0	0	0	0
0	0	0	0	0	0	0	1	0	0	0	0	0	1	0	0	0	0	0.18	0.18
0	0	0	0	0	0	0	0	0	0	0	0	0	1	0	0	0	0	0.03	0.04
0	0	0	0	0	0	0	0	0	0	0	0	0	1	0	0	0	0	0.01	0.015
0	0	0	0	0	0	0	0	0	0	0	1	0	1	0	0	0	1	0.06	0.06
0	0	0	0	0	0	0	0	0	0	0	1	0	1	0	0	0	1	0.07	0.08
0	0	0	0	0	1	0	1	0	1	0	0	0	1	0	0	0	0	0.15	0.15
0	0	0	0	0	0	0	0	0	0	0	0	0	0	0	0	0	0	0	0
0	0	0	0	0	0	0	0	0	1	0	0	0	0	0	0	0	0	0.07	0.07
0	0	0	0	0	0	0	0	0	0	0	0	0	0	0	0	0	0	0	0
0	0	0	0	0	0	0	0	0	0	0	0	0	1	0	0	0	0	0.06	0.06
0	0	0	0	0	1	0	1	0	0	0	0	0	0	0	0	0	0	0.09	0.13
0	0	0	0	0	0	0	1	0	0	0	0	0	0	0	0	0	0	0.08239	0.10593
0	0	0	0	0	0	0	0	0	0	0	1	0	1	0	0	0	1	0.08	0.08
0	0	0	0	1	0	0	0	0	1	0	0	0	0	0	0	0	0	0.13	0.13
0	0	0	0	0	0	0	0	1	0	0	0	0	0	0	0	0	0	0.035	0.075
0	0	0	0	0	0	0	0	0	0	0	0	0	0	0	0	0	0	0	0
0	0	0	0	0	0	0	0	0	0	0	1	0	1	0	0	0	0	0.04	0.04
0	0	0	0	0	0	0	0	0	0	0	0	0	1	0	0	0	1	0.15	0.15
0	0	0	0	0	0	0	0	0	0	0	0	0	1	0	0	0	0	0.15	0.15
0	0	0	0	1	0	0	0	0	0	0	0	0	0	0	0	0	0	0.042	0.045
0	0	0	0	0	1	0	1	0	0	0	0	0	0	0	0	0	0	0.2	0.2
0	0	0	0	0	0	0	0	0	0	0	1	0	0	0	0	0	0	0.24	0.24
0	0	0	0	0	0	0	0	0	0	0	0	0	0	0	0	0	0	0	0
0	0	0	0	0	0	0	0	0	1	0	0	0	1	0	0	0	0	0.05	0.05
0	0	0	0	0	0	0	0	1	0	0	0	0	0	0	0	0	0	0.04	0.04
0	0	0	0	0	0	0	0	0	0	0	0	0	0	0	0	0	0	0	0
0	0	0	0	0	0	0	0	0	0	0	1	0	0	0	0	0	0	0.119	0.119
0	0	0	0	0	0	0	0	0	0	0	1	0	1	0	0	0	0	0.1	0.1
0	1	0	0	0	0	0	0	0	0	0	1	0	1	0	0	0	0	0.1	0.1
0	0	0	0	0	0	0	0	0	0	0	0	0	0	0	0	0	0	0	0
0	0	0	0	0	0	0	0	0	0	0	0	0	1	0	0	0	0	0.03	0.03
0	0	0	0	0	0	0	0	0	0	0	1	0	0	0	0	0	0	0.045	0.05
0	0	0	0	0	0	0	0	0	0	0	1	0	1	1	0	0	1	0.088275	0.088275
0	0	0	0	0	0	0	0	0	0	0	0	0	0	0	0	0	0	0	0
0	0	0	0	0	0	0	1	0	0	0	1	0	1	0	0	0	1	0.04	0.04
0	0	0	0	0	0	0	0	0	0	0	0	0	1	0	0	0	0	0.09	0.09
0	0	0	0	0	0	0	1	0	0	0	0	0	1	0	0	0	0	0.08	0.12
0	0	0	0	0	0	0	0	0	0	0	0	0	0	0	0	0	0	0	0
0	0	0	0	0	0	0	0	0	0	0	0	0	0	0	0	0	0	0	0
0	0	0	0	0	0	0	0	0	0	0	0	0	1	0	0	0	0	0.07	0.07
0	0	0	0	0	0	0	0	0	0	0	0	0	0	0	0	0	0	0	0
0	0	0	0	1	0	0	0	0	0	0	0	0	0	0	0	0	0	0.03	0.035
0	0	0	0	0	0	0	0	0	1	0	0	0	0	0	0	0	0	0.13	0.13
0	0	0	0	0	0	0	0	0	0	0	0	0	0	0	0	0	0	0	0
0	0	0	0	0	0	0	0	0	0	0	0	0	0	0	0	0	0	0	0
0	0	0	0	0	0	0	0	0	0	0	1	0	1	0	0	0	1	0.03	0.05
0	0	0	0	0	0	0	0	0	0	0	1	0	1	0	0	0	0	0.12	0.13
0	0	0	0	0	0	0	0	0	0	0	0	0	0	0	0	0	0	0	0
0	0	0	0	0	0	0	0	0	0	0	0	0	0	0	0	0	0	0	0
0	0	0	0	0	0	0	0	0	0	0	0	0	1	0	0	0	0	0.07	0.13
0	0	0	0	0	0	0	0	1	0	0	0	0	0	0	0	0	0	0.13	0.13
0	0	0	0	0	0	0	0	0	0	0	0	0	0	0	0	0	0	0	0
0	0	0	0	0	0	0	0	0	0	0	1	0	0	0	0	0	0	0.06	0.06
0	0	0	0	0	0	0	0	1	0	0	0	0	0	0	0	0	0	0.12	0.12
0	0	0	0	0	1	0	0	0	0	0	0	0	0	0	0	0	0	0.14	0.18
0	0	0	0	0	0	0	0	0	0	0	0	0	0	0	0	0	0	0	0
0	0	0	0	0	1	1	0	0	0	0	0	0	0	0	0	0	0	0.08	0.1
0	0	0	0	0	0	0	0	1	0	0	0	0	0	0	0	0	0	0.112824	0.112824
0	0	0	0	0	0	0	0	0	1	0	0	0	1	0	0	0	1	0.15	0.15
0	0	0	0	0	0	0	0	0	1	0	0	0	0	0	0	0	0	0.15	0.15
0	0	0	0	0	0	0	0	0	1	0	0	0	1	0	0	0	1	0.1	0.13
0	0	0	0	0	0	0	1	0	0	0	0	0	0	0	0	0	0	0.17	0.17
0	0	0	0	0	0	0	0	0	0	0	0	0	0	0	0	0	0	0	0
0	0	0	0	0	0	0	0	0	0	0	1	0	1	0	0	0	1	0.05	0.05
0	0	0	0	0	0	0	0	0	1	0	0	0	0	0	0	0	0	0.15	0.18
0	0	0	0	0	0	0	0	0	0	0	0	0	1	0	0	0	0	0.04	0.04
0	0	0	0	0	0	0	0	0	0	0	0	0	0	0	0	0	0	0	0
0	0	0	0	0	0	0	0	0	0	0	1	0	1	0	0	0	1	0.15	0.15
0	0	0	0	0	0	0	0	0	0	0	0	0	1	1	0	0	0	0.06	0.09
0	0	0	0	0	0	0	0	0	0	0	0	0	0	0	0	0	0	0	0
0	0	0	0	1	0	0	0	0	0	0	0	0	0	0	0	0	0	0.05	0.05
0	0	0	0	0	0	0	0	1	0	0	0	0	0	0	0	0	0	0.12	0.12
0	0	0	0	0	0	0	0	0	0	0	0	0	0	0	0	0	1	0.05	0.07
0	0	0	0	0	0	0	0	0	0	0	1	0	0	0	0	0	0	0.16	0.16
0	0	0	0	0	1	0	0	0	0	0	1	0	0	0	0	0	0	0.12	0.15
0	0	0	0	0	0	0	0	0	0	0	0	0	1	0	0	0	0	0.06	0.06
0	0	0	0	0	0	0	0	0	0	0	0	0	1	0	0	0	1	0.025	0.025
0	0	0	0	0	0	0	0	0	0	0	0	0	0	0	0	0	0	0	0
0	0	0	0	0	0	0	0	0	0	0	0	0	0	0	0	0	0	0	0
0	0	0	0	0	0	0	0	0	0	0	0	0	0	0	0	0	0	0	0
0	0	0	0	0	0	0	0	0	0	0	0	0	0	0	0	0	0	0	0
0	0	0	0	0	0	0	0	0	0	0	0	0	1	0	0	0	1	0.07	0.07
0	0	0	0	0	0	0	0	0	0	0	1	0	1	0	0	0	0	0.15	0.15
0	0	0	0	0	0	0	1	1	0	0	0	0	0	0	0	0	0	0.1	0.1
0	0	0	0	1	0	0	0	0	0	0	0	0	0	0	0	0	0	0.05	0.05
0	0	0	0	0	1	0	0	0	0	0	0	0	0	0	0	0	0	0.1	0.1
0	0	0	0	0	1	1	1	0	0	0	0	0	0	0	0	0	0	0.15	0.2
0	0	0	0	0	0	0	0	0	0	0	0	0	0	0	0	0	0	0	0
0	0	0	0	0	0	0	0	0	0	0	0	0	0	0	0	0	0	0	0
0	0	0	0	0	0	0	0	0	0	0	1	0	0	0	0	0	0	0.1	0.15
0	0	0	0	0	0	0	0	0	0	0	0	0	1	0	0	0	1	0.12	0.12
0	0	0	0	0	0	0	0	0	1	0	0	0	1	0	0	0	0	0.1	0.25
0	0	0	0	0	0	0	0	0	0	0	0	0	0	0	0	0	0	0	0
0	0	0	0	0	0	0	0	0	0	0	0	0	0	0	0	0	0	0	0
0	0	0	0	0	0	0	0	0	0	0	0	0	0	0	0	0	0	0	0
0	0	0	0	0	0	0	1	0	0	0	0	0	0	0	0	0	0	0.1	0.13
0	0	0	0	0	0	0	0	0	0	0	1	0	0	0	0	0	0	0.08	0.13
0	0	0	0	0	1	1	0	0	0	0	0	0	0	0	0	0	0	0.169236	0.169236
0	0	0	0	0	0	0	0	0	0	0	0	0	0	0	0	0	0	0	0
0	0	0	0	0	0	0	0	0	0	0	0	0	0	0	0	0	0	0	0
0	0	0	0	0	0	0	0	0	0	0	1	0	0	0	0	0	0	0.06	0.08
0	0	0	0	0	1	1	0	0	0	0	1	0	0	0	0	0	0	0.05	0.13
0	0	0	0	0	0	0	0	0	0	0	1	0	1	0	0	0	1	0.03	0.08
0	0	0	0	0	0	0	1	1	0	0	0	0	0	0	0	0	0	0.12	0.15
0	0	0	0	0	1	1	0	0	0	0	0	0	1	0	0	0	1	0.08	0.12
0	0	0	0	0	0	0	1	0	0	0	1	0	0	0	0	0	0	0.1	0.25
0	0	0	0	0	0	0	1	0	0	0	0	0	0	0	0	0	0	0.13	0.13
0	0	0	0	0	0	0	0	0	1	0	0	0	0	0	0	0	0	0.12	0.12
0	0	0	0	0	0	0	1	0	0	0	0	0	0	0	0	0	1	0.07	0.15
0	0	0	0	0	0	0	0	0	1	0	0	0	0	0	0	0	0	0.22	0.22
0	0	0	0	0	0	0	0	1	0	0	0	0	0	0	0	0	0	0.09	0.135
0	0	0	0	0	0	0	0	0	0	0	0	0	0	0	0	0	0	0	0
0	0	0	0	0	0	0	0	0	0	0	0	0	1	0	0	0	0	0.15	0.15
0	0	0	0	0	0	0	0	0	0	0	0	0	0	0	0	0	0	0	0
0	0	0	0	0	0	0	1	0	1	0	0	0	0	0	0	0	0	0.136	0.136
0	0	0	0	0	0	0	0	0	1	0	0	0	0	0	0	0	0	0.13	0.13
0	0	0	0	0	0	0	1	0	0	0	0	0	0	0	0	0	0	0.07	0.07
0	0	0	0	0	0	0	0	0	0	0	0	0	0	0	0	0	0	0	0
0	0	0	0	0	0	0	0	0	0	0	1	0	1	0	0	0	0	0.04	0.04
0	0	0	0	0	0	0	1	0	0	0	0	0	0	0	0	0	0	0.13	0.13
0	0	0	0	0	0	0	0	0	0	0	0	0	0	0	0	0	0	0	0
0	0	0	0	0	0	0	0	0	0	0	0	0	1	0	0	0	0	0.045	0.055
0	0	0	0	0	0	0	0	0	0	0	0	0	0	0	0	0	0	0	0
0	0	0	0	0	0	0	0	0	1	0	0	0	1	0	0	0	1	0.35	0.35
0	0	0	0	0	0	0	0	0	0	0	1	0	1	0	0	0	0	0.1	0.12
0	0	0	0	0	0	0	0	0	0	0	0	0	1	1	0	0	0	0.12	0.12
0	0	0	0	0	0	0	0	0	0	0	0	0	1	1	0	0	0	0.1	0.15
0	0	0	0	0	0	0	0	0	0	0	0	0	0	0	0	0	0	0	0
0	0	0	0	0	0	0	0	0	0	0	0	0	0	0	0	0	0	0	0
0	0	0	0	0	0	0	0	0	0	0	0	0	0	0	0	0	0	0	0
0	0	0	0	0	0	0	1	0	0	0	0	0	0	0	0	0	0	0.1	0.1
0	0	0	0	0	0	0	0	0	1	0	0	0	1	1	0	0	1	0.08	0.12
0	0	0	0	1	0	0	0	0	0	0	0	0	0	0	0	0	0	0.035	0.035
0	0	0	0	0	0	0	0	0	0	0	0	0	0	0	0	0	0	0	0
0	0	0	0	0	0	0	0	0	0	0	0	0	1	0	0	0	0	0.035	0.035
0	0	0	0	0	0	0	1	0	0	0	0	0	0	0	0	0	0	0.16	0.2
0	0	0	0	0	0	0	0	0	0	0	0	0	0	0	0	0	0	0	0
0	0	0	0	0	0	0	0	1	0	0	0	0	0	0	0	0	0	0.028	0.028
0	0	0	0	0	1	1	0	0	0	0	1	0	1	1	0	0	1	0.1	0.13
0	0	0	0	0	0	0	0	0	0	0	0	0	0	0	0	0	0	0	0
0	0	0	0	0	0	0	0	0	0	0	1	0	1	0	0	0	0	0.08	0.09
0	0	0	0	0	0	0	0	1	0	0	0	0	0	0	0	0	0	0.07	0.07
0	0	0	0	0	0	0	0	0	0	0	1	0	1	0	0	0	1	0.075	0.1
0	0	0	0	0	0	0	0	0	0	0	0	0	0	0	0	0	0	0	0
0	0	0	0	1	0	0	0	0	0	0	0	0	0	0	0	0	0	0.04	0.08
0	0	0	0	0	1	1	0	0	0	0	0	0	1	1	0	0	0	0.08	0.13
0	0	0	0	0	0	0	1	0	0	0	1	0	0	0	0	0	0	0.17	0.17
0	0	0	0	0	0	0	0	0	0	0	0	0	0	0	0	0	0	0	0
0	0	0	0	0	0	0	1	0	0	0	0	0	1	1	0	0	0	0.15	0.2
0	0	0	0	0	0	0	0	0	0	0	0	0	0	0	0	0	0	0	0
0	0	0	0	0	0	0	0	0	1	0	0	0	0	0	0	0	0	0.173	0.173
0	0	0	0	0	0	0	1	0	0	0	0	0	0	0	0	0	0	0.2	0.2
0	0	0	0	0	0	0	0	1	0	0	0	0	0	0	0	0	0	0.028	0.028
0	0	0	0	0	0	0	0	0	0	0	1	0	1	0	0	0	0	0.1	0.1
0	0	0	0	0	0	0	0	0	1	0	0	0	0	0	0	0	0	0.1	0.22
0	0	0	0	0	0	0	0	0	0	0	0	0	0	0	0	0	0	0	0
0	0	0	0	1	0	0	0	0	0	0	0	0	0	0	0	0	0	0.03	0.03
0	0	0	0	0	0	0	1	1	0	0	0	0	0	0	0	0	0	0.05	0.08
0	0	0	0	0	0	0	0	0	0	0	0	0	0	0	0	0	0	0	0
0	0	0	0	0	0	0	0	0	0	0	1	0	1	0	0	0	1	0.03	0.045
0	0	0	0	0	0	0	0	0	0	0	0	0	0	0	0	0	0	0	0
0	0	0	0	0	0	0	0	0	0	0	0	0	0	0	0	0	0	0	0
0	0	0	0	0	0	0	0	0	0	0	0	0	0	0	0	0	0	0	0
0	0	0	0	0	0	0	0	1	0	0	0	0	0	0	0	0	0	0.04	0.04
0	0	0	0	0	0	0	0	0	0	0	1	0	1	0	0	0	1	0.07	0.07
0	0	0	0	0	0	0	0	0	0	0	1	0	0	0	0	0	0	0.05	0.09
0	0	0	0	0	0	0	0	1	0	0	0	0	0	0	0	0	0	0.15	0.25
0	0	0	0	0	0	0	0	0	0	0	1	0	1	0	0	0	1	0.12	0.15
0	0	0	0	0	0	0	0	1	0	0	0	0	0	0	0	0	0	0.035	0.035
0	0	0	0	0	0	0	0	0	0	0	1	0	1	0	0	0	1	0.12	0.12
0	0	0	0	0	0	0	0	0	0	0	0	0	0	0	0	0	0	0	0
0	0	0	0	0	0	0	1	0	0	0	0	0	1	0	0	0	0	0.05	0.05
0	0	0	0	0	0	0	0	0	0	0	0	0	0	0	0	0	0	0	0
0	1	0	0	0	0	0	0	0	0	0	1	0	1	0	0	0	0	0.14	0.14
0	0	0	0	1	0	0	0	0	0	0	0	0	0	0	0	0	0	0.03425	0.0397
0	1	0	0	0	0	0	0	1	0	0	0	0	0	0	0	0	0	0.08	0.08
0	0	0	0	0	0	0	1	0	0	0	0	0	0	0	0	0	0	0.1	0.13
0	0	0	0	0	1	1	0	0	0	0	0	0	1	0	0	0	1	0.035	0.06
0	0	0	0	0	0	0	0	0	0	0	0	0	1	1	0	0	1	0.15	0.15
0	0	0	0	0	0	0	0	1	0	0	0	0	0	0	0	0	0	0.05	0.085
0	0	0	0	0	0	0	0	0	0	0	0	0	0	0	0	0	0	0	0
0	0	0	0	0	0	0	0	0	0	0	0	0	0	0	0	0	0	0	0
0	0	0	0	0	0	0	0	1	0	0	0	0	0	0	0	0	0	0.02	0.02
0	0	0	0	0	0	0	0	0	0	0	0	0	0	0	0	0	0	0	0
0	0	0	0	0	0	0	0	0	0	0	0	0	1	0	0	0	1	0.06	0.06
0	0	0	0	0	0	0	0	1	0	0	0	0	0	0	0	0	0	0.035	0.045
0	0	0	0	0	0	0	0	0	0	0	0	0	0	0	0	0	0	0	0
0	0	0	0	0	1	0	1	0	0	0	0	0	1	0	0	0	1	0.15	0.15
0	0	0	0	0	0	0	0	0	1	0	0	0	0	0	0	0	0	0.065	0.065
0	0	0	0	0	0	0	1	1	0	0	0	0	1	1	0	0	1	0.12	0.2
0	0	0	0	0	0	0	0	0	0	0	1	0	0	0	0	0	0	0.12	0.12
0	0	0	0	0	1	1	0	0	0	0	1	0	0	0	0	0	0	0.07	0.15
0	0	0	0	0	0	0	0	0	0	0	0	0	1	0	0	0	0	0.12	0.12
0	0	0	0	1	0	0	0	0	0	0	0	0	0	0	0	0	0	0.054806	0.054806
0	0	0	0	0	0	0	0	0	1	0	0	0	0	0	0	0	0	0.1	0.1
0	0	0	0	0	0	0	0	0	0	0	0	0	0	0	0	0	0	0	0
0	0	0	0	0	0	0	0	0	0	0	0	0	0	0	0	0	0	0	0
0	0	0	0	0	1	0	1	0	0	0	0	0	0	0	0	0	0	0.13	0.25
0	0	0	0	0	0	0	0	1	0	0	0	0	0	0	0	0	0	0.05	0.07
0	0	0	0	0	0	0	0	0	1	0	0	0	0	0	0	0	0	0.0287	0.04023
0	0	0	0	0	1	0	0	0	0	0	0	0	0	0	0	0	0	0.088275	0.088275
0	0	0	0	0	0	0	0	0	0	0	1	0	1	0	0	0	0	0.1	0.1
0	0	0	0	0	0	0	1	1	0	0	1	0	1	0	0	0	0	0.04	0.08
0	0	0	0	0	0	0	0	0	0	0	0	0	0	0	0	0	0	0	0
0	0	0	0	0	1	0	0	1	0	0	1	0	1	0	0	0	1	0.08	0.12
0	0	0	0	0	0	0	0	0	0	0	0	0	0	0	0	0	0	0	0
0	0	0	0	0	0	0	0	0	0	0	0	0	1	0	0	0	0	0.08	0.12
0	0	0	0	0	0	0	1	0	0	0	0	0	0	0	0	0	0	0.2	0.2
0	0	0	0	0	0	0	0	0	0	0	0	0	0	0	0	0	0	0	0
0	0	0	0	0	0	0	0	0	0	0	0	0	0	0	0	0	0	0	0
0	0	0	0	0	0	0	0	0	0	0	0	0	0	0	0	0	0	0	0
0	0	0	0	0	0	0	1	0	0	0	0	0	0	0	0	0	0	0.045	0.045
0	0	0	0	0	0	0	0	1	0	0	0	0	0	0	0	0	0	0.13	0.13
0	0	0	0	0	1	0	0	0	0	0	0	0	0	0	0	0	0	0.1	0.16
0	0	0	0	0	0	0	0	0	1	0	0	0	1	0	0	0	1	0.1	0.15
0	0	0	0	0	0	0	0	0	0	0	0	0	0	0	0	0	0	0	0
0	1	0	0	0	0	0	0	0	0	0	0	0	1	0	0	0	0	0.015	0.035
0	0	0	0	0	0	0	0	0	0	0	0	0	1	0	0	0	0	0.075	0.075
0	0	0	0	0	1	0	0	0	0	0	1	0	0	0	0	0	0	0.08	0.15
0	0	0	0	1	0	0	0	0	0	0	0	0	0	0	0	0	0	0.015	0.05
0	0	0	0	0	0	0	0	0	0	0	0	0	0	0	0	0	0	0	0
0	0	0	0	0	0	0	1	0	0	0	0	0	1	0	0	0	1	0.07	0.15
0	0	0	0	0	1	0	0	0	0	0	1	0	1	0	0	0	1	0.09	0.09
0	0	0	0	0	0	0	0	1	0	0	0	0	0	0	0	0	0	0.01	0.01
0	0	0	0	0	0	0	0	0	0	0	0	0	1	1	0	0	0	0.12	0.12
0	0	0	0	0	0	0	0	1	0	0	0	0	0	0	0	0	0	0.05	0.065
0	0	0	0	0	0	0	0	0	0	0	0	0	0	0	0	0	0	0	0
0	0	0	0	0	0	0	0	0	0	0	0	0	0	0	0	0	0	0	0
0	0	0	0	0	0	0	0	0	0	0	1	0	1	0	0	0	0	0.13	0.2
0	1	0	0	0	0	0	1	0	0	0	1	0	1	0	0	0	1	0.04	0.04
0	0	0	0	0	1	0	0	0	0	0	1	0	1	0	0	0	1	0.1	0.15
0	0	0	0	0	0	0	0	0	0	0	0	0	0	0	0	0	1	0.02	0.1
0	0	0	0	1	0	0	0	0	0	0	0	0	0	0	0	0	0	0.038819	0.038819
0	0	0	0	0	0	0	0	0	0	0	0	0	1	0	0	0	0	0.15	0.15
0	0	0	0	1	0	0	0	0	0	0	0	0	1	0	0	0	0	0.3	0.47
0	0	0	0	0	0	0	0	0	0	0	0	0	0	0	0	0	0	0	0
0	0	0	0	0	0	0	1	0	0	0	0	0	0	0	0	0	0	0.15	0.15
0	0	0	0	0	1	0	0	0	0	0	1	0	0	0	0	0	0	0.1	0.1
0	0	0	0	0	0	0	0	0	0	0	0	0	0	0	0	0	0	0	0
0	0	0	0	0	1	0	1	0	0	0	0	0	1	0	0	0	1	0.18	0.18
0	0	0	0	0	1	0	0	0	0	0	0	0	0	0	0	0	1	0.11	0.11
0	0	0	0	0	1	1	0	0	0	0	0	0	1	1	0	0	1	0.1	0.125
0	0	0	0	0	0	0	0	0	0	0	0	0	0	0	0	0	1	0.15	0.15
0	0	0	0	0	0	0	1	0	0	0	0	0	1	0	0	0	1	0.13	0.17
0	0	0	0	0	0	0	0	0	0	0	0	0	0	0	0	0	0	0	0
0	0	0	0	0	0	0	0	0	0	0	0	0	0	0	0	0	0	0	0
0	0	0	0	0	0	0	0	0	1	0	0	0	0	0	0	0	0	0.05	0.1
0	0	0	0	0	0	0	0	0	0	0	0	0	1	0	0	0	0	0.03	0.05
0	0	0	0	0	0	0	0	0	0	0	0	0	0	0	0	0	0	0	0
0	0	0	0	0	0	0	0	0	0	0	0	0	0	0	0	0	0	0	0
0	0	0	0	0	0	0	0	0	0	0	0	0	0	0	0	0	0	0	0
0	0	0	0	0	0	0	0	0	0	0	0	0	0	0	0	0	0	0	0
0	0	0	0	0	1	0	0	0	0	0	0	0	0	0	0	0	0	0.06	0.1
0	0	0	0	0	0	0	0	0	0	0	0	0	1	0	0	0	0	0.04	0.04
0	0	0	0	0	0	0	1	1	0	0	0	0	0	0	0	0	0	0.1	0.18
0	0	0	0	0	0	0	0	0	1	0	0	0	1	0	0	0	0	0.2	0.2
0	0	0	0	0	0	0	0	1	0	0	0	0	0	0	0	0	0	0.0357	0.0357
0	0	0	0	0	0	0	0	0	0	0	0	0	0	0	0	0	0	0	0
0	0	0	0	0	0	0	1	0	0	0	0	0	1	0	0	0	0	0.07	0.1
0	0	0	0	0	0	0	0	0	1	0	0	0	1	0	0	0	1	0.06	0.1
0	0	0	0	0	0	0	0	0	0	0	1	0	1	0	0	0	0	0.08	0.12
0	0	0	0	0	0	0	0	0	1	0	0	0	0	0	0	0	1	0.12	0.15
0	0	0	0	0	0	0	0	0	1	0	0	0	1	1	0	0	1	0.06	0.12
0	0	0	0	0	0	0	0	0	0	0	1	0	0	0	0	0	0	0.11	0.11
0	0	0	0	0	0	0	0	0	0	0	0	0	0	0	0	0	0	0	0
0	0	0	0	0	0	0	0	0	0	0	1	0	1	0	0	0	1	0.08	0.08
0	0	0	0	0	0	0	0	0	0	0	0	0	0	0	0	0	0	0	0
0	0	0	0	0	1	0	0	0	0	0	1	0	1	0	0	0	0	0.065	0.065
0	0	0	0	0	0	0	1	0	0	0	0	0	0	0	0	0	0	0.13	0.23
0	0	0	0	0	0	0	0	0	0	0	0	0	0	0	0	0	0	0	0
0	0	0	0	0	0	1	0	0	0	0	0	0	1	0	0	0	0	0.05	0.07
0	0	0	0	0	0	0	0	1	0	0	0	0	0	0	0	0	0	0.035	0.035
0	0	0	0	0	0	0	0	0	1	0	0	0	0	0	0	0	0	0.09	0.09
0	0	0	0	1	0	0	0	0	0	0	0	0	0	0	0	0	0	0.026	0.026
0	0	0	0	0	0	0	0	0	0	0	0	0	1	0	0	0	1	0.07	0.07
0	0	0	0	0	0	0	0	0	0	0	0	0	0	0	0	0	0	0	0
0	0	0	0	0	0	0	0	1	0	0	0	0	0	0	0	0	0	0.045	0.13
0	0	0	0	0	0	0	0	1	0	0	0	0	0	0	0	0	0	0.06	0.075
0	0	0	0	0	0	0	1	0	0	0	1	0	1	0	0	0	1	0.06	0.1
0	1	0	0	0	0	0	0	0	0	0	1	0	1	1	0	0	1	0.09	0.12
0	0	0	0	0	0	0	0	0	0	0	0	0	0	0	0	0	0	0	0
0	0	0	0	0	0	0	1	0	0	0	1	0	1	0	0	0	0	0.12947	0.158895
0	0	0	0	0	1	0	0	0	0	0	0	0	0	0	0	0	0	0.1	0.1
0	0	0	0	0	1	0	0	0	0	0	0	0	0	0	0	0	0	0.12	0.12
0	0	0	0	0	0	0	0	1	0	0	0	0	0	0	0	0	0	0.04	0.04
0	0	0	0	0	0	0	0	1	1	0	0	0	0	0	0	0	0	0.13	0.15
0	0	0	0	0	0	0	0	0	1	0	0	0	1	0	0	0	1	0.08	0.13
0	0	0	0	0	0	0	0	0	0	0	1	0	1	0	0	0	0	0.135	0.135
0	0	0	0	0	1	0	0	0	0	0	1	0	0	0	0	0	0	0.025	0.025
0	0	0	0	0	0	0	0	0	0	0	1	0	0	0	0	0	0	0.07	0.12
0	0	0	0	0	0	0	0	0	0	0	1	0	1	0	0	0	1	0.07	0.12
0	0	0	0	0	0	0	0	0	0	0	0	0	1	0	0	0	0	0.09	0.09
0	1	0	0	0	0	0	0	0	0	0	1	0	0	0	0	0	0	0.07	0.12
0	0	0	0	1	0	0	0	0	0	0	0	0	0	0	0	0	0	0.033	0.033
0	0	0	0	0	0	0	1	0	1	0	1	0	0	0	0	0	0	0.06977	0.09785
0	0	0	0	0	0	0	0	0	0	0	1	0	1	0	0	0	1	0.08	0.15
0	0	0	0	0	1	0	1	0	0	0	0	0	0	0	0	0	0	0.1	0.140001
0	0	0	0	0	0	0	0	0	0	0	0	0	1	0	0	0	1	0.07	0.07
0	0	0	0	0	0	0	0	1	0	0	1	0	1	0	0	0	0	0.06	0.12
0	0	0	0	0	1	0	0	0	0	0	1	0	1	0	0	0	0	0.15	0.22
0	0	0	0	1	1	1	0	0	0	0	0	0	1	0	0	0	0	0.09	0.09
0	0	0	0	0	0	0	0	0	0	0	0	0	0	0	0	0	0	0	0
0	0	0	0	0	0	0	0	0	0	0	0	0	0	0	0	0	0	0	0
0	0	0	0	0	0	0	1	0	0	0	0	0	1	0	0	0	1	0.05	0.199
0	0	0	0	0	0	0	0	0	0	0	0	0	0	0	0	0	0	0	0
0	0	0	0	0	0	0	0	1	0	0	0	0	0	0	0	0	0	0.04	0.04
0	0	0	0	0	0	0	0	0	0	0	1	0	0	0	0	0	1	0.06	0.06
0	0	0	0	0	0	0	0	0	1	0	0	0	0	0	0	0	0	0.1	0.1
0	0	0	0	0	0	0	0	1	0	0	0	0	0	1	0	0	0	0.09	0.18
0	0	0	0	0	0	0	0	0	0	0	1	0	1	0	0	0	1	0.07	0.07
0	0	0	0	0	0	0	0	0	0	0	0	0	0	0	0	0	0	0	0
0	0	0	0	0	0	0	0	0	0	0	0	0	1	0	0	0	1	0.06	0.07
0	0	0	0	1	0	0	0	0	0	0	0	0	0	0	0	0	0	0.02871	0.02871
0	0	0	0	1	0	0	0	0	0	0	0	0	0	0	0	0	0	0.0525	0.0525
0	0	0	0	0	0	0	0	0	0	0	0	0	1	1	0	0	0	0.1	0.14
0	0	0	0	0	0	0	0	0	1	0	0	0	0	0	0	0	0	0.12	0.12
0	0	0	0	0	0	0	0	1	0	0	0	0	0	0	0	0	0	0.035	0.035
0	0	0	0	0	0	0	0	0	1	0	0	0	0	0	0	0	0	0.12	0.22
0	0	0	0	0	1	0	1	0	0	0	0	0	1	0	0	0	0	0.14	0.18
0	0	0	0	0	0	0	0	1	0	0	0	0	0	0	0	0	0	0.048	0.05
0	0	0	0	1	0	0	0	0	0	0	0	0	1	0	0	0	1	0.18	0.4
0	0	0	0	0	0	0	0	1	0	0	0	0	0	0	0	0	0	0.035	0.035
0	0	0	0	0	1	0	0	0	0	0	1	0	0	0	0	0	0	0.08	0.15
0	0	0	0	0	0	0	0	0	0	0	0	0	0	0	0	0	0	0	0
0	0	0	0	0	0	0	0	0	0	0	0	0	0	0	0	0	0	0	0
0	0	0	0	0	0	0	0	0	0	0	1	0	1	0	0	0	1	0.08	0.08
0	0	0	0	0	0	0	0	1	0	0	0	0	0	0	0	0	0	0.04	0.04
0	1	0	0	0	0	0	0	0	0	0	1	0	1	0	0	0	1	0.06	0.12
0	0	0	0	0	1	0	0	0	1	0	0	0	0	0	0	0	0	0.07	0.12
0	0	0	0	0	0	0	0	0	0	0	0	0	0	0	0	0	0	0	0
0	0	0	0	0	1	0	0	0	0	0	0	0	1	0	0	0	0	0.147125	0.2354
0	0	0	0	0	0	0	0	0	0	0	0	0	0	0	0	0	0	0	0
0	0	0	0	0	0	0	0	0	0	0	0	0	1	0	0	0	1	0.12	0.12
0	0	0	0	0	0	0	0	0	0	0	1	0	0	0	0	0	1	0.04	0.055
0	0	0	0	0	1	0	1	1	0	0	0	0	0	0	0	0	0	0.169236	0.169236
0	0	0	0	0	0	0	0	0	0	0	0	0	0	0	0	0	0	0	0
0	0	0	0	0	0	0	0	0	0	0	1	0	1	0	0	0	1	0.04	0.06
0	0	0	0	0	0	0	0	0	0	0	1	0	0	0	0	0	0	0.14	0.14
0	0	0	0	0	0	0	0	0	0	0	0	0	1	0	0	0	1	0.08	0.08
0	0	0	0	0	0	0	1	0	0	0	0	0	1	0	0	0	1	0.12	0.12
0	0	0	0	0	0	0	0	0	1	0	0	0	1	0	0	0	1	0.1	0.12
0	0	0	0	0	0	0	1	0	0	0	0	0	0	0	0	0	0	0.175	0.175
0	1	0	0	0	0	0	0	0	0	0	1	0	1	0	0	0	1	0.06	0.08
0	0	0	0	0	0	0	0	1	0	0	0	0	0	0	0	0	0	0.035	0.035
0	0	0	0	0	0	0	0	1	0	0	0	0	0	0	0	0	0	0.04	0.04
0	0	0	0	1	0	0	0	0	0	0	0	0	0	0	0	0	0	0.04	0.07
0	0	0	0	0	0	0	0	0	0	0	1	0	1	0	0	0	0	0.03	0.04
0	0	0	0	0	0	0	0	0	0	0	0	0	0	0	0	0	0	0	0
0	0	0	0	0	0	0	1	0	0	0	0	0	1	0	0	0	0	0.17	0.17
0	0	0	0	0	0	0	0	0	0	0	1	0	1	0	0	0	0	0.1	0.15
0	0	0	0	0	0	0	0	0	0	0	0	0	0	0	0	0	0	0	0
0	0	0	0	0	0	0	0	0	0	0	1	0	0	0	0	0	0	0.12	0.175
0	0	0	0	0	0	0	0	0	0	0	1	0	0	0	0	0	0	0.13	0.13
0	0	0	0	0	1	0	0	0	0	0	0	0	0	0	0	0	0	0.11	0.15
0	0	0	0	0	0	0	1	0	0	0	0	0	0	0	0	0	0	0.18	0.18
0	0	0	0	0	0	0	0	0	0	0	1	0	1	0	0	0	1	0.09	0.15
0	1	0	0	0	1	1	0	0	0	0	1	0	0	0	0	0	0	0.1	0.1
0	0	0	0	0	0	0	0	0	0	0	0	0	1	0	0	0	1	0.08	0.08
0	0	0	0	0	0	0	0	0	0	0	0	0	0	0	0	0	0	0	0
0	0	0	0	0	0	0	0	1	0	0	0	0	0	0	0	0	0	0.032	0.032
0	0	0	0	0	0	0	0	0	0	0	1	0	1	0	0	0	1	0.175	0.2
0	0	0	0	0	0	0	0	1	0	0	0	0	0	0	0	0	0	0.06	0.06
0	0	0	0	0	0	0	0	0	0	0	1	0	0	0	0	0	0	0.045	0.045
0	1	0	0	0	0	0	0	0	0	0	1	0	1	0	0	0	1	0.08	0.08
0	0	0	0	0	0	0	0	0	0	0	0	0	1	0	0	0	0	0.01177	0.01177
0	0	0	0	0	0	0	0	1	0	0	0	0	0	0	0	0	0	0.035	0.035
0	0	0	0	0	1	0	0	0	0	0	1	0	0	0	0	0	0	0.06	0.07
0	0	0	0	0	0	0	0	0	0	0	1	0	1	0	0	0	0	0.07	0.09
0	0	0	0	0	0	0	0	0	0	0	0	0	1	1	0	0	1	0.12	0.2
0	0	0	0	0	0	0	0	0	0	0	0	0	1	0	0	0	0	0.1	0.1
0	0	0	0	0	0	0	1	0	0	0	0	0	1	0	0	0	0	0.16	0.2
0	0	0	0	0	0	0	0	0	0	0	1	0	1	0	0	0	1	0.12	0.15
0	0	0	0	0	0	0	0	0	0	0	1	0	0	0	0	0	0	0.06	0.08
0	0	0	0	1	0	0	0	0	0	0	0	0	0	0	0	0	0	0.035	0.035
0	0	0	0	0	1	0	0	0	0	0	1	0	0	0	0	0	0	0.08	0.13
0	0	0	0	0	0	0	0	1	0	0	0	0	0	0	0	0	0	0.035	0.035
0	0	0	0	0	0	0	0	1	0	0	0	0	0	0	0	0	0	0.04	0.04
0	0	0	0	0	0	0	1	0	0	0	0	0	0	0	0	0	0	0.2	0.2
0	0	0	0	0	0	0	0	0	1	0	0	0	0	0	0	0	0	0.075	0.075
0	0	0	0	0	0	0	0	0	1	0	0	0	0	1	0	0	0	0.1	0.1
0	0	0	0	0	0	0	0	0	0	0	0	0	0	0	0	0	0	0	0
0	0	0	0	0	0	0	0	1	0	0	0	0	0	0	0	0	0	0.07	0.07
0	0	0	0	0	0	0	0	0	0	0	0	0	1	0	0	0	0	0.07	0.07
0	0	0	0	0	1	0	0	0	0	0	0	0	0	0	0	0	0	0.06	0.08
0	0	0	0	0	0	0	0	0	0	0	0	0	1	0	0	0	1	0.05	0.07
0	0	0	0	0	1	0	0	1	1	0	0	0	0	0	0	0	0	0.04	0.1
0	0	0	0	0	0	0	0	0	1	0	0	0	0	0	0	0	0	0.2	0.2
0	0	0	0	0	0	0	0	0	0	0	0	0	0	0	0	0	0	0	0
0	0	0	0	0	0	0	0	1	0	0	0	0	0	0	0	0	0	0.08	0.08
0	0	0	0	0	0	0	0	0	0	0	0	0	1	1	0	0	0	0.09	0.09
0	0	0	0	0	0	0	0	0	0	0	0	0	0	0	0	0	0	0	0
0	0	0	0	1	0	0	0	0	0	0	0	0	0	0	0	0	0	0.05	0.05
0	0	0	0	0	0	0	0	0	0	0	1	0	1	0	0	0	1	0.08	0.08
0	0	0	0	1	0	0	0	0	0	0	0	0	0	0	0	0	0	0.04	0.04
0	0	0	0	0	0	0	0	0	0	0	1	0	1	0	0	0	0	0.1	0.19
0	0	0	0	0	0	0	0	1	0	0	0	0	0	0	0	0	0	0.03	0.032
0	0	0	0	0	0	0	0	0	0	0	1	0	0	0	0	0	0	0.08	0.12
0	0	0	0	0	0	0	0	1	0	0	0	0	0	0	0	0	0	0.1	0.15
0	0	0	0	0	0	0	0	0	0	0	0	0	0	0	0	0	0	0	0
0	0	0	0	0	0	0	0	0	0	0	0	0	0	0	0	0	0	0	0
0	0	0	0	0	0	0	0	0	0	0	0	0	1	0	0	0	0	0.03	0.03
0	0	0	0	0	0	0	0	1	0	0	1	0	0	0	0	0	0	0.1	0.1
0	0	0	0	0	0	0	0	0	0	0	0	0	0	0	0	0	0	0	0
0	0	0	0	0	0	0	1	1	0	0	0	0	0	0	0	0	0	0.28206	0.40742
0	0	0	0	0	0	0	1	0	0	0	0	0	0	0	0	0	0	0.08	0.18
0	0	0	0	0	0	0	0	0	1	0	0	0	0	0	0	0	0	0.1	0.2
0	0	0	0	0	0	0	0	0	1	0	0	0	0	0	0	0	0	0.15	0.15
0	0	0	0	0	0	0	0	0	1	0	0	0	1	0	0	0	0	0.17	0.17
0	0	0	0	0	0	0	0	0	0	0	0	0	0	0	0	0	0	0	0
0	0	0	0	0	1	1	0	0	0	0	0	0	1	0	0	0	1	0.08	0.13
0	0	0	0	0	0	0	0	0	0	0	1	0	1	0	0	0	1	0.1	0.1
0	0	0	0	1	0	0	0	0	0	0	0	0	0	0	0	0	0	0.06	0.06
0	0	0	0	0	0	0	1	0	0	0	0	0	0	0	0	0	0	0.14	0.2
0	0	0	0	0	0	0	1	0	0	0	0	0	1	0	0	0	0	0.09	0.09
0	0	0	0	0	0	0	0	0	0	0	0	0	0	0	0	0	0	0	0
0	0	0	0	0	0	0	0	0	0	0	0	0	0	0	0	0	0	0	0
0	0	0	0	0	0	0	0	0	0	0	0	0	1	0	0	0	0	0.05	0.05
0	0	0	0	0	0	0	0	0	0	0	0	0	0	0	0	0	0	0	0
0	0	0	0	0	0	0	0	0	0	0	1	0	1	0	0	0	1	0.05	0.12
0	0	0	0	0	0	0	0	0	0	0	0	0	0	0	0	0	0	0	0
0	0	0	0	0	0	0	0	0	1	0	0	0	1	0	0	0	1	0.1177	0.1177
0	0	0	0	0	0	0	0	0	0	0	0	0	0	0	0	0	0	0	0
0	0	0	0	0	0	0	0	0	0	0	0	0	0	0	0	0	0	0	0
0	0	0	0	0	0	0	0	1	0	0	0	0	0	0	0	0	0	0.264825	0.264825
0	0	0	0	0	0	0	0	0	0	0	1	0	1	0	0	0	1	0.07	0.07
0	0	0	0	0	0	0	0	0	1	0	0	0	1	0	0	0	0	0.092	0.092
0	0	0	0	0	0	0	0	0	0	0	0	0	0	0	0	0	0	0	0
0	0	0	0	0	0	0	0	1	0	0	0	0	1	0	0	0	1	0.09	0.1
0	0	0	0	0	0	0	0	0	0	0	1	0	0	0	0	0	0	0.08	0.1
0	0	0	0	1	0	0	0	0	0	0	0	0	0	0	0	0	0	0.07	0.07
0	0	0	0	0	0	0	0	0	1	0	0	0	0	0	0	0	0	0.03	0.03
0	0	0	0	0	0	0	0	0	0	0	0	0	1	0	0	0	0	0.17	0.17
0	0	0	0	0	0	0	0	0	0	0	0	0	0	0	0	0	0	0	0
0	0	0	0	0	0	0	0	0	0	0	0	0	0	0	0	0	0	0	0
0	0	0	0	0	0	0	1	0	0	0	0	0	1	0	0	0	0	0.04	0.04
0	0	0	0	0	0	0	0	0	1	0	0	0	0	0	0	0	0	0.11	0.14
0	0	0	0	0	0	0	0	0	0	0	0	0	1	1	0	0	1	0.1	0.1
0	0	0	0	0	1	1	0	0	0	0	0	0	1	0	0	0	0	0.03	0.05
0	0	0	0	0	0	0	0	0	0	0	0	0	0	0	0	0	0	0	0
0	0	0	0	0	0	0	0	0	0	0	0	0	0	0	0	0	0	0	0
0	0	0	0	0	0	0	0	1	0	0	0	0	0	0	0	0	0	0.03	0.03
0	0	0	0	0	0	0	0	0	1	0	0	0	0	0	0	0	0	0.115	0.115
0	0	0	0	0	0	0	0	0	0	0	0	0	0	0	0	0	0	0	0
0	0	0	0	0	0	0	0	0	0	0	0	0	0	0	0	0	0	0	0
0	0	0	0	0	0	0	0	0	0	0	0	0	1	0	0	0	1	0.2	0.2
0	0	0	0	0	1	1	0	0	0	0	0	0	1	0	0	0	1	0.1	0.1
0	0	0	0	1	0	0	0	0	0	0	0	0	0	0	0	0	0	0.02	0.02
0	0	0	0	0	0	0	0	0	0	0	0	0	1	0	0	0	1	0.06	0.08
0	0	0	0	0	1	0	1	0	0	0	0	0	0	0	0	0	0	0.2	0.2
0	0	0	0	0	0	0	0	0	0	0	1	0	1	0	0	0	1	0.06	0.1
0	0	0	0	0	0	0	0	0	0	0	0	0	0	0	0	0	0	0	0
0	0	0	0	0	0	0	0	1	0	0	0	0	0	0	0	0	0	0.02	0.02
0	0	0	0	0	1	0	0	0	0	0	0	0	0	0	0	0	0	0.147125	0.147125
0	0	0	0	0	0	0	0	0	0	0	0	0	0	0	0	0	0	0	0
0	0	0	0	0	0	0	0	0	0	0	0	0	1	0	0	0	0	0.11	0.11
0	0	0	0	0	0	0	1	0	0	0	0	0	1	0	0	0	0	0.045	0.06
0	0	0	0	0	0	0	0	0	0	0	0	0	1	1	0	0	0	0.15	0.15
0	0	0	0	0	0	0	0	0	0	0	0	0	0	0	0	0	0	0	0
0	0	0	0	0	0	0	0	0	0	0	0	0	1	0	0	0	1	0.035	0.04
0	0	0	0	0	1	1	0	0	0	0	0	0	0	0	0	0	0	0.13	0.17
0	0	0	0	0	1	0	1	0	0	0	0	0	0	0	0	0	0	0.08	0.12
0	0	0	0	0	0	0	0	1	0	0	0	0	0	0	0	0	0	0.045	0.045
0	0	0	0	0	0	0	0	0	0	0	0	0	0	0	0	0	0	0	0
0	0	0	0	0	0	0	0	0	0	0	1	0	1	0	0	0	0	0.04	0.06
0	0	0	0	0	0	0	0	0	0	0	0	0	1	0	0	0	1	0.075	0.13
0	0	0	0	0	0	0	1	0	0	0	0	0	0	0	0	0	0	0.13	0.13
0	0	0	0	0	0	0	0	0	1	0	0	0	1	1	0	0	0	0.11	0.11
0	0	0	0	0	0	0	0	0	0	0	0	0	1	0	0	0	0	0.14	0.14
0	0	0	0	0	0	0	0	1	0	0	0	0	0	0	0	0	0	0.05	0.13
0	0	0	0	0	0	0	1	0	0	0	1	0	1	0	0	0	1	0.1	0.1
0	1	0	0	0	1	1	0	0	0	0	1	0	0	0	0	0	0	0.08	0.08
0	0	0	0	0	0	0	0	1	0	0	0	0	0	0	0	0	0	0.03	0.06
0	0	0	0	0	0	0	0	0	0	0	0	0	1	0	0	0	1	0.09	0.09
0	0	0	0	0	0	0	0	0	0	0	0	0	1	0	0	0	0	0.035	0.05
0	0	0	0	0	0	0	0	0	0	0	0	0	0	0	0	0	0	0	0
0	0	0	0	0	1	0	0	0	0	0	0	0	1	0	0	0	0	0.15	0.15
0	0	0	0	0	0	0	0	1	0	0	0	0	0	0	0	0	0	0.05	0.05
0	0	0	0	0	0	0	0	0	0	0	0	0	0	0	0	0	0	0	0
0	0	0	0	0	1	0	0	0	0	0	0	0	0	0	0	0	0	0.2	0.2
0	0	0	0	0	0	0	0	0	0	0	0	0	0	0	0	0	0	0	0
0	0	0	0	0	0	0	0	0	0	0	0	0	0	0	0	0	0	0	0
0	0	0	0	0	0	0	0	1	0	0	0	0	0	0	0	0	0	0.035	0.035
0	0	0	0	0	0	0	0	1	0	0	0	0	0	0	0	0	0	0.08	0.11
0	1	0	0	0	0	0	0	0	0	0	1	0	1	0	0	0	0	0.09	0.12
0	0	0	0	0	0	0	0	0	1	0	0	0	0	0	0	0	0	0.1	0.1
0	0	0	0	0	0	0	0	0	0	0	0	0	0	0	0	0	0	0	0
0	0	0	0	0	0	0	0	1	0	0	0	0	0	0	0	0	0	0.04	0.04
0	0	0	0	0	0	0	0	0	0	0	0	0	0	0	0	0	0	0	0
0	0	0	0	0	0	0	0	0	0	0	0	0	1	1	0	0	0	0.12	0.12
0	0	0	0	0	0	0	0	0	0	0	1	0	0	0	0	0	0	0.006	0.006
0	0	0	0	0	0	0	0	0	0	0	0	0	0	0	0	0	0	0	0
0	0	0	0	0	0	0	0	0	0	0	0	0	0	0	0	0	0	0	0
0	0	0	0	0	0	0	0	0	0	0	0	0	0	0	0	0	0	0	0
0	0	0	0	0	0	0	0	0	1	0	0	0	1	1	0	0	0	0.14	0.14
0	0	0	0	0	0	0	0	0	0	0	0	0	1	0	0	0	0	0.15	0.3
0	0	0	0	0	0	0	0	1	0	0	0	0	0	0	0	0	0	0.04	0.04
0	0	0	0	0	0	0	0	0	1	0	0	0	1	0	0	0	0	0.08	0.08
0	0	0	0	0	0	0	0	1	0	0	0	0	1	0	0	0	0	0.1	0.1
0	0	0	0	0	0	0	0	0	0	0	0	0	0	0	0	0	0	0	0
0	0	0	0	0	0	0	0	0	0	0	0	0	0	0	0	0	0	0	0
0	0	0	0	0	0	0	0	0	0	0	0	0	0	0	0	0	0	0	0
0	0	0	0	0	0	0	0	1	0	0	0	0	0	0	0	0	0	0.05	0.05
0	0	0	0	0	0	0	0	0	0	0	0	0	1	0	0	0	0	0.1177	0.17655
0	0	0	0	0	0	0	0	0	0	0	0	0	1	0	0	0	1	0.04	0.04
0	0	0	0	0	0	0	1	0	0	0	0	0	1	0	0	0	0	0.1	0.1
0	0	0	0	0	0	0	0	0	0	0	0	0	1	0	0	0	1	0.135	0.135
0	0	0	0	0	0	0	1	0	1	0	0	0	1	0	0	0	0	0.1	0.1
0	0	0	0	0	0	0	1	0	0	0	0	0	0	0	0	0	0	0.12	0.12
0	0	0	0	0	0	0	0	1	0	0	0	0	0	0	0	0	0	0.035	0.035
0	0	0	0	0	0	0	0	0	0	0	1	0	0	0	0	0	0	0.09	0.12
0	0	0	0	0	0	0	0	0	0	0	0	0	0	0	0	0	0	0	0
0	0	0	0	0	1	0	0	0	0	0	0	0	1	1	0	0	0	0.14	0.14
0	1	0	0	0	0	0	0	0	0	0	0	0	1	0	0	0	0	0.06	0.06
0	0	0	0	0	0	0	0	0	0	0	0	0	0	0	0	0	0	0	0
0	0	0	0	0	0	0	0	0	0	0	0	0	0	0	0	0	0	0	0
0	0	0	0	0	0	0	0	0	0	0	0	0	1	0	0	0	1	0.04	0.04
0	0	0	0	0	0	0	1	0	0	0	0	0	0	0	0	0	0	0.06	0.06
0	0	0	0	0	0	0	0	0	0	0	1	0	1	0	0	0	0	0.06	0.08
0	0	0	0	0	0	0	1	1	0	0	0	0	0	0	0	0	0	0.12	0.12
0	0	0	0	0	0	0	0	0	0	0	0	0	0	0	0	0	0	0	0
0	0	0	0	0	0	0	0	0	0	0	1	0	1	0	0	0	0	0.06	0.12
0	0	0	0	0	1	0	1	0	0	0	0	0	1	0	0	0	1	0.04	0.1
0	0	0	0	0	0	0	0	0	0	0	1	0	1	0	0	0	0	0.08	0.1
0	0	0	0	0	0	0	0	0	0	0	1	0	1	0	0	0	1	0.03	0.05
0	0	0	0	0	1	0	1	0	0	0	0	0	0	0	0	0	0	0.15	0.15
0	0	0	0	0	0	0	0	0	0	0	0	0	1	0	0	0	0	0.11	0.11
0	0	0	0	0	0	0	0	0	0	0	0	0	0	0	0	0	0	0	0
0	0	0	0	0	0	0	0	0	0	0	0	0	1	0	0	0	1	0.06	0.09
0	0	0	0	0	0	0	0	0	0	0	0	0	0	0	0	0	0	0	0
0	0	0	0	0	0	0	0	0	0	0	0	0	0	0	0	0	0	0	0
0	0	0	0	0	0	0	0	0	0	0	0	0	1	0	0	0	0	0.15	0.15
0	0	0	0	0	0	0	0	0	0	0	0	0	0	0	0	0	0	0	0
0	0	0	0	0	0	0	0	0	0	0	0	0	0	0	0	0	0	0	0
0	0	0	0	0	0	0	0	0	0	0	0	0	0	0	0	0	0	0	0
0	1	0	0	0	0	0	0	0	0	0	1	0	1	0	0	0	1	0.02	0.035
0	0	0	0	0	1	0	0	0	0	0	0	0	0	0	0	0	0	0.1177	0.147125
0	0	0	0	0	0	0	0	0	0	0	0	0	0	0	0	0	0	0	0
0	0	0	0	0	0	0	0	0	1	0	0	0	1	1	0	0	1	0.04	0.05
0	0	0	0	0	0	0	0	1	0	0	0	0	0	0	0	0	0	0.027	0.032
0	0	0	0	0	0	0	0	0	0	0	0	0	1	0	0	0	0	0.06	0.07
0	0	0	0	0	0	0	0	0	0	0	0	0	1	0	0	0	0	0.08	0.2
0	0	0	0	0	0	0	0	0	1	0	0	0	0	0	0	0	0	0.09	0.09
0	0	0	0	0	0	0	0	0	0	0	0	0	1	0	0	0	0	0.015	0.025
0	0	0	0	0	0	0	0	0	0	0	0	0	0	0	0	0	0	0	0
0	0	0	0	0	0	0	0	0	0	0	1	0	1	0	0	0	1	0.07	0.07
0	0	0	0	0	0	0	0	0	0	0	1	0	1	0	0	0	1	0.045	0.045
0	0	0	0	0	0	0	0	0	0	0	0	0	1	0	0	0	0	0.07	0.11
0	0	0	0	0	0	0	0	0	1	0	0	0	0	0	0	0	0	0.11	0.11
0	0	0	0	0	0	0	0	0	0	0	0	0	0	0	0	0	0	0	0
0	0	0	0	0	1	0	0	0	0	0	1	0	0	0	0	0	0	0.1	0.1
0	0	0	0	0	0	0	1	0	0	0	0	0	0	0	0	0	0	0.25	0.25
0	0	0	0	0	0	0	0	0	0	0	0	0	1	0	0	0	0	0.02	0.04
0	0	0	0	0	0	0	0	0	0	0	0	0	0	0	0	0	0	0	0
0	0	0	0	0	1	0	1	0	0	0	0	0	1	0	0	0	0	0.11	0.11
0	0	0	0	0	0	0	0	1	0	0	0	0	0	0	0	0	0	0.12	0.12
0	0	0	0	0	0	0	0	1	0	0	0	0	0	0	0	0	0	0.04	0.08
0	0	0	0	0	0	0	0	1	0	0	0	0	0	0	0	0	0	0.075	0.11
0	0	0	0	0	0	0	0	0	1	0	0	0	0	0	0	0	0	0.08	0.1
0	0	0	0	0	0	0	0	0	1	0	0	0	0	0	0	0	0	0.1	0.14
0	0	0	0	0	0	0	0	0	0	0	1	0	1	1	0	0	0	0.03531	1
0	0	0	0	0	0	0	1	1	0	0	0	0	0	0	0	0	0	0.18804	0.18804
0	0	0	0	0	0	0	0	0	0	0	0	0	1	0	0	0	0	0.09	0.12
0	0	0	0	0	0	0	0	0	0	0	1	0	1	1	0	0	0	0.08	0.08
0	0	0	0	0	0	0	0	0	0	0	1	0	0	0	0	0	0	0.05	0.05
0	0	0	0	0	0	0	0	0	0	0	1	0	0	0	0	0	0	0.17	0.18
0	1	0	0	0	0	0	0	0	0	0	1	0	0	0	0	0	1	0.08	0.14
0	0	0	0	0	0	0	0	0	0	0	0	0	1	0	0	0	0	0.11	0.11
0	0	0	0	0	0	0	0	0	0	0	0	0	0	0	0	0	0	0	0
0	0	0	0	0	0	0	0	0	0	0	0	0	0	0	0	0	0	0	0
0	0	0	0	0	0	0	0	1	0	0	0	0	0	0	0	0	0	0.04	0.06
0	0	0	0	0	0	0	0	0	0	0	0	0	0	0	0	0	0	0	0
0	0	0	0	0	0	0	0	0	0	0	1	0	1	0	0	0	1	0.045	0.06
0	0	0	0	0	0	0	0	0	1	0	0	0	1	0	0	0	0	0.09	0.104
0	0	0	0	0	1	0	0	0	0	0	0	0	0	0	0	0	0	0.075	0.075
0	0	0	0	0	0	0	0	0	0	0	0	0	0	0	0	0	0	0	0
0	0	0	0	0	0	0	0	0	0	0	0	0	0	0	0	0	0	0	0
0	0	0	0	0	0	0	0	0	0	0	0	0	1	0	0	0	0	0.12	0.2
0	0	0	0	0	0	0	0	0	0	0	0	0	1	0	0	0	0	0.1	0.16
0	0	0	0	0	1	0	1	0	0	0	1	0	0	0	0	0	0	0.12	0.12
0	0	0	0	0	0	0	0	0	0	0	0	0	0	0	0	0	0	0	0
0	0	0	0	0	0	0	0	0	1	0	0	0	0	0	0	0	0	0.09	0.14
0	0	0	0	0	0	0	0	1	0	0	0	0	0	0	0	0	0	0.12	0.16
0	1	0	0	0	0	0	0	0	0	0	1	0	1	0	0	0	1	0.09	0.09
0	0	0	0	0	0	0	0	0	0	0	1	0	1	0	0	0	1	0.045	0.06
0	0	0	0	0	0	0	0	0	0	0	0	0	1	0	0	0	0	0.1	0.1
0	0	0	0	0	0	0	0	0	0	0	0	0	0	0	0	0	0	0	0
0	0	0	0	0	0	0	0	0	0	0	1	0	1	0	0	0	0	0.03	0.03
0	0	0	0	0	1	0	0	0	0	0	0	0	0	0	0	0	0	0.2	0.2
0	0	0	0	0	0	0	0	0	0	0	1	0	1	0	0	0	1	0.1	0.1
0	0	0	0	0	1	1	0	0	0	0	0	0	0	0	0	0	0	0.09	0.12
0	0	0	0	0	1	1	0	0	0	0	1	0	1	0	0	0	0	0.1	0.1
0	0	0	0	0	0	0	0	0	0	0	0	0	0	0	0	0	0	0	0
0	0	0	0	0	0	0	0	0	0	0	0	0	0	0	0	0	0	0	0
0	0	0	0	0	0	0	0	0	0	0	0	0	0	0	0	0	0	0	0
0	0	0	0	0	1	0	0	0	0	0	1	0	1	0	0	0	1	0.06	0.18
0	0	0	0	0	0	0	0	0	0	0	1	0	1	0	0	0	0	0.1177	0.1177
0	0	0	0	0	0	0	0	0	0	0	0	0	0	0	0	0	0	0	0
0	0	0	0	0	1	0	1	0	0	0	0	0	1	1	0	0	1	0.18	0.22
0	0	0	0	0	0	0	0	0	0	0	1	0	1	0	0	0	1	0.06	0.08
0	0	0	0	0	0	0	0	0	0	0	1	0	1	0	0	0	1	0.05	0.09
0	0	0	0	0	0	0	0	0	0	0	0	0	1	0	0	0	1	0.1	0.1
0	0	0	0	0	0	0	0	0	0	0	0	0	0	0	0	0	0	0	0
0	0	0	0	0	0	0	0	0	0	0	1	0	1	0	0	0	1	0.1	0.1
0	0	0	0	0	0	0	1	0	0	0	0	0	1	0	0	0	0	0.14	0.16
0	0	0	0	0	0	0	1	0	0	0	0	0	0	0	0	0	0	0.07	0.07
0	0	0	0	0	0	0	0	0	0	0	0	0	1	0	0	0	0	0.08	0.08
0	0	0	0	0	0	0	0	0	0	0	0	0	1	0	0	0	0	0.15	0.15
0	0	0	0	0	0	0	0	1	0	0	0	0	0	0	0	0	0	0.05	0.07
0	0	0	0	0	0	0	0	0	0	0	1	0	1	0	0	0	1	0.07	0.07
0	0	0	0	0	0	0	0	0	0	0	0	0	0	0	0	0	0	0	0
0	0	0	0	0	0	0	0	0	0	0	0	0	1	0	0	0	0	0.12	0.12
0	0	0	0	0	1	0	1	0	0	0	0	0	0	0	0	0	0	0.2	0.2
0	0	0	0	0	0	0	0	0	0	0	0	0	0	0	0	0	0	0	0
0	0	0	0	0	0	0	0	0	0	0	0	0	1	0	0	0	1	0.25	0.25
0	0	0	0	0	0	0	0	0	0	0	0	0	0	0	0	0	0	0	0
0	0	0	0	0	0	0	0	0	0	0	1	0	0	0	0	0	0	0.0495	0.0495
0	0	0	0	0	1	0	0	0	0	0	0	0	0	0	0	0	0	0.12	0.12
0	0	0	0	0	0	0	0	0	0	0	0	0	1	0	0	0	0	0.07	0.1
0	0	0	0	0	1	0	0	0	0	0	0	0	0	0	0	0	0	0.06	0.12
0	0	0	0	0	0	0	0	0	1	0	0	0	0	0	0	0	0	0.04	0.04
0	0	0	0	0	0	0	0	0	0	0	0	0	0	0	0	0	0	0	0
0	0	0	0	0	0	0	0	0	1	0	0	0	0	0	0	0	0	0.1	0.1
0	0	0	0	0	0	0	0	0	0	0	0	0	1	0	0	0	0	0.2	0.2
0	0	0	0	0	0	0	1	0	0	0	0	0	0	0	0	0	0	0.14	0.14
0	0	0	0	0	0	0	0	0	0	0	0	0	1	0	0	0	0	0.07	0.08
0	0	0	0	0	0	0	0	0	0	0	1	0	1	0	0	0	1	0.08	0.12
0	0	0	0	0	0	0	1	0	0	0	0	0	0	0	0	0	0	0.18	0.18
0	0	0	0	0	0	0	0	0	0	0	1	0	0	0	0	0	0	0.055	0.1
0	0	0	0	0	0	0	0	0	1	0	0	0	0	0	0	0	0	0.12	0.17
0	0	0	0	0	1	0	0	0	0	0	0	0	0	0	0	0	0	0.015	0.015
0	0	0	0	0	0	0	0	0	0	0	1	0	1	1	0	0	1	0.1	0.1
0	0	0	0	0	0	0	0	0	0	0	1	0	1	0	0	0	1	0.12	0.22
0	0	0	0	0	0	0	0	0	0	0	0	0	0	0	0	0	0	0	0
0	0	0	0	0	0	0	0	0	0	0	0	0	0	0	0	0	0	0	0
0	0	0	0	0	0	0	1	0	0	0	0	0	0	0	0	0	0	0.07	0.09
0	0	0	0	0	0	0	1	0	0	0	0	0	0	0	0	0	0	0.15	0.15
0	0	0	0	0	0	0	0	0	1	0	0	0	0	0	0	0	0	0.08	0.08
0	0	0	0	0	1	0	0	0	0	0	0	0	1	0	0	0	0	0.1	0.12
0	0	0	0	0	1	0	1	1	0	0	0	0	1	0	0	0	0	0.15	0.15
0	0	0	0	0	0	0	0	0	0	0	0	0	0	0	0	0	0	0	0
0	0	0	0	0	0	0	0	0	1	0	0	0	0	0	0	0	0	0.1	0.22
0	0	0	0	0	0	0	1	0	0	0	0	0	0	0	0	0	0	0.12	0.12
0	0	0	0	0	0	0	0	1	0	0	0	0	0	0	0	0	0	0.1	0.1
0	0	0	0	0	0	0	1	0	1	0	0	0	1	0	0	0	0	0.035	0.035
0	0	0	0	0	0	0	0	0	1	0	0	0	0	0	0	0	0	0.1	0.1
0	0	0	0	0	1	0	1	0	0	0	0	0	0	0	0	0	0	0.2	0.2
0	0	0	0	0	0	0	1	0	0	0	0	0	0	0	0	0	0	0.1	0.13
0	0	0	0	0	0	0	0	0	0	0	1	0	1	0	0	0	1	0.055	0.1
0	0	0	0	0	0	0	0	0	0	0	1	0	1	0	0	0	1	0.045	0.045
0	0	0	0	0	0	0	0	0	0	0	0	0	0	0	0	0	0	0	0
0	0	0	0	0	0	0	0	0	0	0	0	0	0	0	0	0	1	0.14	0.14
0	0	0	0	0	0	0	0	1	0	0	0	0	0	0	0	0	0	0.04	0.04
0	0	0	0	0	0	0	0	0	0	0	1	0	0	0	0	0	0	0.14	0.14
0	0	0	0	0	0	0	0	0	0	0	1	0	1	0	0	0	0	0.04	0.06
0	0	0	0	0	0	0	0	1	0	0	0	0	0	0	0	0	0	0.2	0.2
0	0	0	0	0	0	0	0	0	0	0	1	0	1	0	0	0	0	0.12	0.14
0	0	0	0	0	0	0	0	0	0	0	0	0	0	0	0	0	0	0	0
0	0	0	0	0	1	0	1	0	0	0	0	0	0	0	0	0	0	0.13	0.18
0	0	0	0	0	0	0	1	0	0	0	0	0	0	0	0	0	0	0.09	0.09
0	0	0	0	0	0	0	0	0	1	0	0	0	0	0	0	0	0	0.04	0.04
0	0	0	0	0	0	0	0	0	0	0	0	0	0	0	0	0	0	0	0
0	0	0	0	0	0	0	0	1	0	0	0	0	0	0	0	0	0	0.14	0.14
0	1	0	0	0	0	0	0	1	0	0	1	0	1	0	0	0	1	0.14	0.14
0	0	0	0	0	0	0	0	0	0	0	0	0	0	0	0	0	0	0	0
0	0	0	0	0	0	0	0	0	0	0	0	0	0	0	0	0	0	0	0
0	1	0	0	0	0	0	0	0	0	0	0	0	1	0	0	0	1	0.12	0.12
0	0	0	0	0	0	0	0	0	0	0	1	0	1	1	0	0	0	0.1	0.15
0	0	0	0	0	0	0	0	0	0	0	1	0	0	0	0	0	1	0.07	0.07
0	0	0	0	0	0	0	0	0	1	0	0	0	0	0	0	0	0	0.08	0.08
0	1	0	0	0	0	0	0	0	0	0	1	0	0	0	0	0	0	0.07	0.07
0	0	0	0	0	0	0	0	0	0	0	1	0	1	0	0	0	0	0.1	0.15
0	0	0	0	1	0	0	0	0	0	0	0	0	0	0	0	0	0	0.05	0.05
0	0	0	0	0	0	0	0	0	0	0	1	0	0	0	0	0	1	0.05	0.05
0	0	0	0	0	0	0	0	0	0	0	1	0	0	0	0	0	0	0.08	0.08
0	0	0	0	0	0	0	0	1	0	0	0	0	1	0	0	0	1	0.12947	0.158895
0	1	0	0	0	0	0	0	0	0	0	1	0	1	0	0	0	1	0.088275	0.17655
0	0	0	0	0	0	0	0	0	1	0	0	0	0	0	0	0	0	0.09	0.11
0	0	0	0	0	0	0	0	0	1	0	0	0	0	0	0	0	0	0.04	0.07
0	0	0	0	0	1	0	0	0	0	0	1	0	0	0	0	0	0	0.05	0.07
0	0	0	0	0	0	0	0	0	0	0	1	0	0	0	0	0	0	0.09	0.15
0	1	0	0	0	0	0	0	0	0	0	0	0	1	0	0	0	0	0.12	0.15
0	0	0	0	0	0	0	0	0	0	0	1	0	1	0	0	0	1	0.07	0.11
0	0	0	0	0	0	0	0	0	0	0	0	0	0	0	0	0	0	0	0
0	0	0	0	0	0	0	1	0	1	0	0	0	0	0	0	0	0	0.08	0.08
0	0	0	0	0	1	0	0	0	0	0	1	0	0	0	0	0	0	0.147125	0.17655
0	0	0	0	0	0	0	0	0	0	0	1	0	1	0	0	0	0	0.03	0.05
0	0	0	0	0	0	0	0	0	0	0	0	0	0	0	0	0	0	0	0
0	0	0	0	0	0	0	0	0	0	0	0	0	1	0	0	0	0	0.06	0.1
0	0	0	0	0	0	0	0	0	0	0	0	0	0	0	0	0	0	0	0
0	0	0	0	0	0	0	0	0	0	0	1	0	0	0	0	0	0	0.18	0.18
0	0	0	0	0	0	0	0	0	0	0	0	0	0	0	0	0	0	0	0
0	0	0	0	0	0	0	0	0	0	0	0	0	1	0	0	0	0	0.06	0.06
0	0	0	0	0	0	0	0	0	0	0	0	0	0	0	0	0	0	0	0
0	0	0	0	0	0	0	0	0	0	0	0	0	1	1	0	0	1	0.08	0.12
0	0	0	0	0	0	0	0	0	0	0	1	0	0	0	0	0	0	0.05	0.08
0	0	0	0	0	0	0	1	0	0	0	0	0	1	1	0	0	0	0.1	0.1
0	1	0	0	0	0	0	0	0	0	0	1	0	0	0	0	0	0	0.1	0.1
0	0	0	0	0	0	0	0	0	1	0	0	0	1	1	0	0	1	0.2	0.2
0	0	0	0	1	0	0	0	0	0	0	0	0	0	0	0	0	0	0.05	0.05
0	0	0	0	0	0	0	0	0	0	0	0	0	0	0	0	0	0	0	0
0	0	0	0	0	0	0	0	0	1	0	0	0	0	0	0	0	0	0.061	0.085
0	0	0	0	0	0	0	0	0	0	0	0	0	0	0	0	0	0	0	0
0	0	0	0	0	0	0	0	0	0	0	0	0	1	0	0	0	0	0.15	0.2
0	0	0	0	0	1	0	1	0	0	0	0	0	0	0	0	0	0	0.13	0.13
0	0	0	0	0	0	0	0	0	1	0	0	0	0	0	0	0	0	0.08	0.08
0	0	0	0	0	0	0	0	0	0	0	0	0	0	0	0	0	0	0	0
0	0	0	0	0	0	0	1	0	0	0	0	0	0	0	0	0	0	0.15	0.15
0	0	0	0	0	1	0	1	0	0	0	0	0	1	0	0	0	0	0.18	0.18
0	0	0	0	0	0	0	0	0	0	0	1	0	1	0	0	0	1	0.07	0.07
0	0	0	0	0	0	0	0	0	1	0	1	0	1	0	0	0	1	0.1177	0.1177
0	0	0	0	0	0	0	0	1	0	0	0	0	0	0	0	0	0	0.03	0.035
0	0	0	0	0	0	0	0	0	0	0	0	0	0	0	0	0	0	0	0
0	0	0	0	0	0	0	0	0	0	0	0	0	0	0	0	0	0	0	0
0	0	0	0	0	0	0	0	0	1	0	0	0	0	0	0	0	0	0.1	0.12
0	0	0	0	0	0	0	0	0	0	0	1	0	1	0	0	0	0	0.055	0.065
0	0	0	0	0	0	0	1	0	0	0	0	0	0	0	0	0	0	0.1	0.1
0	0	0	0	0	0	0	1	0	0	0	0	0	0	0	0	0	0	0.065	0.07
0	0	0	0	0	0	0	0	0	0	0	0	0	1	0	0	0	0	0.12	0.12
0	0	0	0	0	1	0	0	0	0	0	0	0	0	0	0	0	0	0.045	0.045
0	0	0	0	0	0	0	1	1	0	0	0	0	0	0	0	0	0	0.07	0.07
0	0	0	0	0	0	0	0	0	1	0	0	0	1	0	0	0	0	0.05	0.05
0	0	0	0	0	0	0	0	0	0	0	1	0	1	0	0	0	1	0.05	0.07
0	0	0	0	0	1	0	1	1	0	0	0	0	1	0	0	0	0	0.08	0.12
0	0	0	0	0	0	0	0	0	1	0	0	0	0	0	0	0	0	0.13	0.13
0	0	0	0	0	0	0	0	1	0	0	0	0	1	0	0	0	0	0.1	0.1
0	0	0	0	0	0	0	0	0	1	0	0	0	0	0	0	0	0	0.18	0.18
0	0	0	0	1	0	0	0	0	0	0	0	0	0	0	0	0	0	0.1	0.1
0	0	0	0	0	0	0	0	1	0	0	0	0	0	0	0	0	0	0.035	0.05
0	0	0	0	0	0	0	0	0	0	0	1	0	1	0	0	0	1	0.1	0.1
0	0	0	0	0	0	0	0	0	0	0	1	0	1	0	0	0	1	0.07	0.1
0	1	0	0	0	0	0	0	0	0	0	1	0	1	1	0	0	0	0.06	0.1
0	0	0	0	0	0	0	0	0	1	0	0	0	1	0	0	0	1	0.12	0.16
0	0	0	0	0	0	0	1	0	0	0	0	0	0	0	0	0	0	0.05	0.08
0	0	0	0	0	0	0	0	0	0	0	1	0	1	0	0	0	1	0.08	0.08
0	0	0	0	0	1	0	0	0	0	0	0	0	0	0	0	0	0	0.01	0.01
0	0	0	0	0	0	0	0	1	0	0	0	0	0	0	0	0	0	0.2	0.2
0	0	0	0	0	0	0	0	0	0	0	0	0	0	0	0	0	0	0	0
0	0	0	0	0	0	0	0	0	0	0	1	0	0	0	0	0	0	0.08	0.08
0	0	0	0	0	1	1	0	0	0	0	0	0	1	0	0	0	0	0.1567	0.1567
0	0	0	0	0	0	0	0	1	0	0	0	0	0	0	0	0	0	0.045	0.13
0	0	0	0	0	0	0	0	1	0	0	0	0	0	0	0	0	0	0.03	0.03
0	0	0	0	0	0	0	0	0	0	0	0	0	0	0	0	0	0	0	0
0	0	0	0	0	0	0	1	0	0	0	0	0	0	0	0	0	0	0.03	0.06
0	0	0	0	0	0	0	0	0	0	0	0	0	1	0	0	0	1	0.07	0.1
0	0	0	0	0	0	0	1	0	0	0	0	0	0	0	0	0	0	0.09	0.09
0	0	0	0	0	0	0	0	0	0	0	0	0	0	0	0	0	0	0	0
0	0	0	0	0	0	0	0	0	0	0	0	0	0	0	0	0	0	0	0
0	0	0	0	1	0	0	0	0	0	0	0	0	0	0	0	0	0	0.05	0.07
0	0	0	0	0	0	0	0	0	0	0	0	0	1	0	0	0	0	0.13	0.13
0	0	0	0	0	0	0	0	0	1	0	0	0	0	0	0	0	0	0.12	0.12
0	0	0	0	0	0	0	0	1	0	0	0	0	0	0	0	0	0	0.05	0.05
0	0	0	0	0	0	0	0	0	0	0	0	0	0	0	0	0	0	0	0
0	0	0	0	0	0	0	0	0	0	0	0	0	1	0	0	0	0	0.07	0.07
0	0	0	0	0	0	0	0	0	0	0	0	0	1	0	0	0	1	0.11	0.15
0	0	0	0	0	0	0	1	1	0	0	0	0	0	0	0	0	0	0.08	0.13
0	0	0	0	0	0	0	0	0	0	0	0	0	0	0	0	0	0	0	0
0	0	0	0	0	0	0	0	0	0	0	0	0	0	0	0	0	0	0	0
0	0	0	0	0	0	0	0	0	0	0	0	0	0	0	0	0	0	0	0
0	0	0	0	0	0	0	0	0	1	0	0	0	0	0	0	0	0	0.075	0.075
0	1	0	0	0	0	0	0	0	0	0	1	0	1	0	0	0	1	0.1	0.13
0	0	0	0	0	0	0	0	0	0	0	0	0	0	0	0	0	0	0	0
0	0	0	0	0	0	0	0	1	0	0	0	0	0	0	0	0	0	0.04	0.04
0	0	0	0	0	0	0	1	1	0	0	0	0	0	0	0	0	0	0.18	0.2
0	0	0	0	0	0	0	0	0	0	0	0	0	0	0	0	0	0	0	0
0	0	0	0	0	0	0	0	0	0	0	0	0	1	0	0	0	0	0.07	0.1
0	0	0	0	0	0	0	0	0	0	0	1	0	0	0	0	0	0	0.04	0.04
0	0	0	0	0	0	0	0	0	0	0	1	0	1	0	0	0	0	0.08	0.125
0	0	0	0	0	0	0	1	0	0	0	0	0	0	0	0	0	0	0.2	0.2
0	0	0	0	0	1	0	0	0	0	0	0	0	0	0	0	0	0	0.06	0.14
0	0	0	0	0	0	0	0	0	0	0	0	0	0	0	0	0	0	0	0
0	0	0	0	0	0	0	0	0	0	0	0	0	0	0	0	0	0	0	0
0	0	0	0	0	0	0	0	0	1	0	0	0	1	0	0	0	1	0.15	0.15
0	0	0	0	0	1	0	1	0	0	0	0	0	0	0	0	0	0	0.11	0.11
0	0	0	0	0	0	0	0	0	0	0	0	0	0	0	0	0	0	0	0
0	0	0	0	0	0	0	0	0	1	0	0	0	1	0	0	0	1	0.13	0.16
0	0	0	0	0	0	0	0	1	0	0	0	0	0	0	0	0	0	0.08	0.12
0	0	0	0	0	0	0	0	0	1	0	0	0	0	0	0	0	0	0.1	0.16
0	0	0	0	0	0	0	0	0	1	0	0	0	0	0	0	0	0	0.07	0.07
0	0	0	0	0	0	0	0	0	0	0	0	0	1	0	0	0	0	0.13	0.2
0	0	0	0	0	0	0	0	0	0	0	0	0	0	0	0	0	0	0	0
0	0	0	0	0	0	0	0	0	0	0	1	0	1	0	0	0	0	0.07	0.07
0	0	0	0	0	0	0	1	1	0	0	0	0	0	0	0	0	0	0.12	0.15
0	0	0	0	0	0	0	1	0	0	0	0	0	0	0	0	0	0	0.2	0.2
0	0	0	0	0	1	1	0	0	0	0	1	0	0	0	0	0	0	0.1	0.15
0	0	0	0	0	0	0	0	0	1	0	0	0	1	0	0	0	0	0.02	0.02
0	0	0	0	0	0	0	0	0	0	0	0	0	0	0	0	0	0	0	0
0	0	0	0	0	0	0	0	0	0	0	0	0	0	0	0	0	0	0	0
0	0	0	0	0	0	0	1	0	0	0	0	0	0	0	0	0	0	0.06	0.15
0	0	0	0	0	0	0	0	1	0	0	0	0	0	0	0	0	0	0.07	0.1
0	0	0	0	0	0	0	0	0	0	0	0	0	0	0	0	0	0	0	0
0	0	0	0	0	0	0	0	1	0	0	0	0	0	0	0	0	0	0.04	0.04
0	0	0	0	0	0	0	0	0	0	0	0	0	0	0	0	0	0	0	0
0	0	0	0	0	0	0	0	0	0	0	0	0	0	0	0	0	0	0	0
0	0	0	0	0	0	0	0	0	1	0	0	0	1	0	0	0	1	0.07	0.115
0	0	0	0	0	0	0	0	0	0	0	0	0	0	0	0	0	0	0	0
0	0	0	0	0	0	0	0	0	0	0	0	0	0	0	0	0	0	0	0
0	0	0	0	0	1	0	0	0	0	0	1	0	0	0	0	0	0	0.05	0.075
0	0	0	0	0	0	0	0	0	1	0	0	0	0	0	0	0	0	0.065	0.065
0	0	0	0	0	0	0	1	0	0	0	0	0	1	0	0	0	0	0.15	0.15
0	0	0	0	0	0	0	0	1	0	0	0	0	0	0	0	0	0	0.04	0.04
0	0	0	0	0	0	0	0	0	1	0	0	0	1	0	0	0	1	0.1	0.1
0	0	0	0	0	0	0	1	1	0	0	0	0	0	0	0	0	0	0.08	0.08
0	0	0	0	1	0	0	0	0	0	0	0	0	0	0	0	0	0	0.033	0.036
0	0	0	0	0	0	0	0	1	0	0	0	0	0	0	0	0	0	0.045	0.13
0	0	0	0	0	0	0	1	1	0	0	0	0	0	0	0	0	0	0.07	0.15
0	0	0	0	0	0	0	0	0	0	0	1	0	1	0	0	0	0	0.14	0.18
0	0	0	0	0	0	0	1	0	0	0	0	0	1	0	0	0	0	0.13	0.13
0	0	0	0	1	0	0	0	0	0	0	0	0	0	0	0	0	0	0.05	0.05
0	0	0	0	0	0	0	0	0	0	0	1	0	1	0	0	0	0	0.18	0.25
0	0	0	0	0	0	0	0	0	0	0	0	0	1	0	0	0	1	0.07	0.07
0	0	0	0	0	1	0	0	0	0	0	0	0	0	0	0	0	0	0.04	0.06
0	0	0	0	0	0	0	0	0	0	0	0	0	0	0	0	0	0	0	0
0	0	0	0	0	0	0	0	1	0	0	0	0	0	0	0	0	0	0.02	0.02
0	0	0	0	0	0	0	0	0	0	0	0	0	1	0	0	0	0	0.12	0.16
0	0	0	0	0	0	0	0	0	0	0	0	0	1	0	0	0	0	0.05	0.09
0	0	0	0	0	0	0	0	0	0	0	0	0	0	0	0	0	0	0	0
0	0	0	0	0	0	0	0	0	0	0	0	0	0	0	0	0	0	0	0
0	0	0	0	0	0	0	0	0	0	0	0	0	0	0	0	0	0	0	0
0	0	0	0	0	0	0	0	0	0	0	0	0	1	1	0	0	1	0.12	0.12
0	0	0	0	0	0	0	0	0	0	0	1	0	1	0	0	0	0	0.15	0.15
0	0	0	0	0	0	0	0	0	0	0	0	0	1	0	0	0	1	0.075	0.095
0	1	0	0	0	0	0	0	0	1	0	0	0	0	0	0	0	0	0.1	0.1
0	0	0	0	0	0	0	0	0	0	0	0	0	0	0	0	0	0	0	0
0	0	0	0	0	0	0	0	0	0	0	0	0	0	0	0	0	0	0	0
0	0	0	0	1	0	0	0	0	0	0	0	0	0	0	0	0	0	0.06	0.08
0	0	0	0	0	0	0	0	0	0	0	0	0	0	0	0	0	0	0	0
0	0	0	0	0	0	0	0	0	0	0	0	0	0	0	0	0	0	0	0
0	0	0	0	0	0	0	0	1	0	0	0	0	0	0	0	0	0	0.04	0.04
0	0	0	0	0	0	0	0	0	0	0	0	0	0	0	0	0	0	0	0
0	0	0	0	0	0	0	1	0	0	0	0	0	0	0	0	0	0	0.76505	1
0	0	0	0	0	0	0	0	0	0	0	0	0	0	0	0	0	0	0	0
0	0	0	0	0	0	0	0	0	0	0	0	0	1	0	0	0	0	0.13	0.13
0	0	0	0	0	0	0	0	0	1	0	0	0	1	0	0	0	1	0.07	0.09
0	0	0	0	0	0	0	0	0	0	0	0	0	1	0	0	0	0	0.15	0.15
0	0	0	0	0	0	0	0	0	0	0	0	0	0	0	0	0	0	0	0
0	0	0	0	0	0	0	0	0	0	0	0	0	0	0	0	0	0	0	0
0	0	0	0	0	0	0	0	0	0	0	0	0	1	0	0	0	0	0.08	0.08
0	0	0	0	0	0	0	0	0	1	0	0	0	1	0	0	0	1	0.1	0.2
0	0	0	0	0	1	1	0	0	0	0	0	0	1	0	0	0	0	0.1	0.14
0	0	0	0	0	0	0	0	0	0	0	0	0	0	0	0	0	0	0	0
0	0	0	0	0	0	0	0	0	0	0	0	0	0	0	0	0	0	0	0
0	0	0	0	0	0	0	0	1	0	0	1	0	0	0	0	0	0	0.15	0.18
0	0	0	0	0	0	0	1	0	0	0	0	0	1	0	0	0	0	0.12	0.12
0	0	0	0	0	0	0	0	1	0	0	0	0	0	0	0	0	0	0.08	0.15
0	0	0	0	0	1	1	0	0	0	0	0	0	0	0	0	0	0	0.05	0.05
0	0	0	0	1	0	0	0	0	0	0	0	0	0	0	0	0	0	0.03	0.07
0	0	0	0	0	0	0	0	0	0	0	1	0	1	0	0	0	1	0.11	0.11
0	0	0	0	0	0	0	0	0	0	0	0	0	0	0	0	0	0	0	0
0	0	0	0	0	1	0	1	0	1	0	0	0	1	0	0	0	0	0.12	0.12
0	0	0	0	0	1	0	1	1	0	0	0	0	1	0	0	0	0	0.06	0.15
0	0	0	0	0	0	0	0	1	0	0	0	0	0	0	0	0	0	0.09	0.09
0	0	0	0	0	0	0	1	0	1	0	0	0	0	0	0	0	0	0.15	0.15
0	0	0	0	0	0	0	1	1	0	0	0	0	0	0	0	0	0	0.1	0.1
0	0	0	0	0	0	0	1	1	0	0	0	0	1	0	0	0	0	0.09	0.09
0	0	0	0	0	1	0	0	0	0	0	0	0	1	0	0	0	0	0.2354	0.29425
0	0	0	0	0	0	0	0	0	0	0	1	0	1	0	0	0	0	0.04	0.07
0	0	0	0	0	0	0	0	1	0	0	0	0	0	0	0	0	0	0.04	0.04
0	0	0	0	0	0	0	1	1	0	0	0	0	0	0	0	0	0	0.1	0.15
0	0	0	0	0	0	0	1	0	0	0	0	0	1	0	0	0	0	0.06	0.09
0	0	0	0	0	0	0	1	0	0	0	0	0	1	0	0	0	0	0.1	0.1
0	0	0	0	0	0	0	0	0	0	0	1	0	1	0	0	0	1	0.08	0.08
0	0	0	0	0	0	0	0	0	0	0	0	0	0	0	0	0	0	0	0
0	0	0	0	0	0	0	0	0	0	0	0	0	0	0	0	0	0	0	0
0	0	0	0	0	0	0	0	0	0	0	0	0	0	1	0	0	0	0.08	0.08
0	0	0	0	0	0	0	0	0	0	0	0	0	0	0	0	0	0	0	0
0	0	0	0	0	1	0	0	0	0	0	0	0	0	0	0	0	0	0.13	0.13
0	0	0	0	0	0	0	0	0	0	0	0	0	1	0	0	0	0	0.04	0.08
0	0	0	0	0	0	0	0	0	0	0	0	0	1	0	0	0	0	0.04	0.1
0	0	0	0	0	0	0	0	0	0	0	1	0	1	0	0	0	1	0.1	0.1
0	0	0	0	0	0	0	0	0	0	0	0	0	1	0	0	0	1	0.1	0.1
0	0	0	0	0	0	0	0	1	0	0	0	0	0	0	0	0	0	0.045	0.045
0	0	0	0	0	0	0	0	0	0	0	0	0	0	0	0	0	0	0	0
0	0	0	0	0	0	0	0	0	0	0	0	0	1	0	0	0	0	0.04	0.07
0	0	0	0	1	0	0	0	0	0	0	0	0	0	0	0	0	0	0.061	0.061
0	0	0	0	0	0	0	0	0	0	0	0	0	0	0	0	0	0	0	0
0	0	0	0	0	1	0	1	1	0	0	0	0	0	0	0	0	0	0.12	0.12
0	0	0	0	0	0	0	1	1	0	0	0	0	0	0	0	0	0	0.08	0.15
0	0	0	0	0	0	0	1	0	0	0	1	0	0	0	0	0	0	0.14	0.14
0	0	0	0	0	0	0	0	0	1	0	0	0	0	0	0	0	0	0.15	0.15
0	0	0	0	0	0	0	0	0	0	0	1	0	0	0	0	0	0	0.12	0.12
0	0	0	0	0	0	0	0	0	0	0	1	0	0	0	0	0	0	0.0965	0.1216
0	0	0	0	0	0	0	0	1	0	0	0	0	0	0	0	0	0	0.025	0.045
0	0	0	0	0	0	0	0	0	1	0	0	0	0	0	0	0	0	0.09	0.12
0	0	0	0	1	0	0	0	0	0	0	0	0	0	0	0	0	0	0.065	0.09
0	0	0	0	0	1	1	0	0	0	0	1	0	1	0	0	0	1	0.07	0.11
0	0	0	0	0	0	0	0	0	0	0	0	0	0	0	0	0	0	0	0
0	0	0	0	0	0	0	0	0	0	0	0	0	0	0	0	0	0	0	0
0	0	0	0	0	0	0	0	0	0	0	0	0	0	0	0	0	0	0	0
0	0	0	0	0	0	0	0	0	0	0	0	0	0	0	0	0	0	0	0
0	0	0	0	0	0	0	0	0	0	0	1	0	0	0	0	0	0	0.07	0.1
0	0	0	0	0	0	0	0	0	0	0	1	0	1	0	0	0	0	0.04	0.06
0	0	0	0	0	0	0	0	0	0	0	0	0	0	0	0	0	0	0	0
0	0	0	0	0	0	0	0	0	1	0	0	0	0	0	0	0	0	0.13	0.13
0	0	0	0	0	0	0	0	0	0	0	0	0	0	0	0	0	0	0	0
0	0	0	0	0	0	0	0	0	0	0	0	0	1	0	0	0	0	0.1	0.12
0	0	0	0	0	0	0	0	0	1	0	0	0	0	0	0	0	0	0.12	0.12
0	1	0	0	0	0	0	0	0	0	0	0	0	0	0	0	0	0	0.1	0.1
0	0	0	0	0	0	0	0	0	0	0	0	0	0	0	0	0	0	0	0
0	0	0	0	0	0	0	1	1	0	0	0	0	0	0	0	0	0	0.03	0.07
0	0	0	0	0	0	0	0	0	0	0	0	0	0	0	0	0	0	0	0
0	0	0	0	0	0	0	0	0	1	0	0	0	0	0	0	0	0	0.1	0.12
0	0	0	0	0	0	0	1	0	0	0	0	0	1	0	0	0	0	0.1	0.1
0	0	0	0	0	0	0	1	0	0	0	0	0	0	0	0	0	0	0.12	0.12
0	0	0	0	0	1	0	1	0	0	0	0	0	0	0	0	0	0	0.1	0.1
0	0	0	0	0	0	0	0	0	0	0	0	0	0	0	0	0	0	0	0
0	0	0	0	0	0	0	0	0	0	0	0	0	0	0	0	0	1	0.12	0.15
0	0	0	0	0	0	0	0	0	0	0	0	0	0	0	0	0	0	0	0
0	0	0	0	0	0	0	0	1	0	0	0	0	1	1	0	0	1	0.15	0.18
0	0	0	0	0	1	0	1	0	0	0	0	0	0	0	0	0	0	0.15	0.15
0	0	0	0	0	0	0	0	0	0	0	0	0	0	0	0	0	0	0	0
0	1	0	0	0	0	0	0	0	0	0	1	0	0	0	0	0	0	0.12	0.12
0	0	0	0	0	0	0	0	0	0	0	0	0	0	0	0	0	0	0	0
0	0	0	0	0	1	1	0	0	0	0	1	0	1	0	0	0	0	0.09	0.11
0	0	0	0	0	0	0	0	0	1	0	0	0	1	0	0	0	0	0.1	0.1
0	0	0	0	0	0	0	0	0	0	0	0	0	0	0	0	0	0	0	0
0	0	0	0	0	0	0	0	0	0	0	0	0	1	0	0	0	0	0.1	0.1
0	0	0	0	0	1	0	0	0	0	0	0	0	1	0	0	0	0	0.05	0.1
0	0	0	0	0	0	0	0	0	0	0	0	0	0	0	0	0	0	0	0
0	0	0	0	0	1	0	0	0	0	0	1	0	1	0	0	0	1	0.03	0.03
0	0	0	0	0	0	0	0	1	1	0	0	0	1	0	0	0	1	0.07	0.08
0	0	0	0	0	0	0	1	1	0	0	0	0	0	0	0	0	0	0.05	0.1
0	0	0	0	0	0	0	0	0	0	0	0	0	1	0	0	0	1	0.12	0.14
0	0	0	0	0	0	0	0	1	0	0	0	0	0	0	0	0	0	0.05	0.1
0	0	0	0	0	0	0	1	0	0	0	0	0	0	0	0	0	0	0.05	0.05
0	0	0	0	0	1	1	0	0	0	0	1	0	0	0	0	0	0	0.2	0.2
0	0	0	0	0	0	0	0	0	0	0	0	0	0	0	0	0	0	0	0
0	0	0	0	1	0	0	0	0	0	0	0	0	0	0	0	0	0	0.025	0.03
0	0	0	0	0	0	0	0	0	1	0	0	0	0	0	0	0	0	0.115	0.115
0	0	0	0	0	0	0	0	1	0	0	0	0	0	0	0	0	0	0.03	0.06
0	0	0	0	0	0	0	1	0	0	0	0	0	0	0	0	0	0	0.005	0.01
0	0	0	0	0	0	0	0	0	0	0	1	0	1	0	0	0	1	0.06	0.1
0	0	0	0	0	0	0	0	0	0	0	0	0	0	0	0	0	0	0	0
0	0	0	0	0	0	0	0	0	0	0	1	0	1	0	0	0	0	0.06	0.06
0	0	0	0	0	0	0	1	0	0	0	0	0	0	0	0	0	0	0.05	0.11
0	0	0	0	0	0	0	0	0	0	0	1	0	1	0	0	0	1	0.07	0.1
0	0	0	0	0	0	0	0	1	0	0	0	0	0	0	0	0	0	0.06	0.06
0	0	0	0	0	0	0	0	0	0	0	1	0	0	0	0	0	1	0.07	0.1
0	0	0	0	0	0	0	0	0	0	0	0	0	1	0	0	0	1	0.09	0.18
0	1	0	0	0	0	0	0	0	0	0	1	0	1	0	0	0	1	0.06	0.06
0	0	0	0	0	0	0	0	0	0	0	0	0	0	0	0	0	0	0	0
0	0	0	0	0	0	0	0	0	0	0	0	0	1	1	0	0	0	0.08	0.12
0	0	0	0	0	0	0	0	0	0	0	0	0	0	0	0	0	1	0.048	0.08
0	0	0	0	0	0	0	0	0	0	0	0	0	0	0	0	0	0	0	0
0	0	0	0	0	0	0	0	0	0	0	0	0	0	0	0	0	0	0	0
0	0	0	0	0	0	0	0	0	0	0	0	0	0	0	0	0	0	0	0
0	0	0	0	0	0	0	1	0	0	0	0	0	0	0	0	0	0	0.12	0.12
0	0	0	0	0	0	0	1	0	0	0	0	0	0	0	0	0	0	0.045	0.045
0	0	0	0	0	0	0	0	1	0	0	0	0	0	0	0	0	0	0.048	0.05
0	0	0	0	0	0	0	0	0	1	0	0	0	1	0	0	0	1	0.075	0.08
0	0	0	0	0	0	0	0	0	0	0	0	0	0	0	0	0	0	0	0
0	0	0	0	0	0	0	0	1	0	0	0	0	0	0	0	0	0	0.07	0.07
0	0	0	0	0	0	0	0	0	0	0	1	0	1	0	0	0	0	0.07	0.13
0	0	0	0	0	0	0	0	1	0	0	0	0	0	0	0	0	0	0.04	0.04
0	0	0	0	0	0	0	0	0	0	0	0	0	0	0	0	0	0	0	0
0	0	0	0	0	0	0	1	1	0	0	0	0	0	0	0	0	0	0.03	0.03
0	0	0	0	0	0	0	0	0	1	0	0	0	1	0	0	0	1	0.15	0.15
0	0	0	0	0	0	0	0	0	1	0	0	0	1	0	0	0	0	0.08	0.08
0	0	0	0	1	0	0	0	0	0	0	0	0	0	0	0	0	0	0.05846	0.05846
0	0	0	0	0	0	0	0	0	0	0	1	0	0	0	0	0	0	0.1	0.1
0	0	0	0	0	0	0	0	0	0	0	0	0	0	0	0	0	0	0	0
0	0	0	0	1	0	0	0	0	0	0	0	0	0	0	0	0	0	0.04	0.05
0	0	0	0	0	0	0	0	0	0	0	0	0	1	1	0	0	1	0.12	0.12
0	0	0	0	1	0	0	0	0	0	0	0	0	0	0	0	0	0	0.025	0.025
0	0	0	0	0	0	0	0	0	0	0	0	0	0	0	0	0	0	0	0
0	0	0	0	0	0	0	0	0	0	0	0	0	1	0	0	0	0	0.05	0.05
0	0	0	0	0	0	0	0	0	0	0	1	0	1	0	0	0	0	0.09	0.09
0	0	0	0	0	0	0	1	0	0	0	0	0	0	0	0	0	0	0.015	0.015
0	0	0	0	0	0	0	0	0	0	0	1	0	1	0	0	0	0	0.06	0.06
0	0	0	0	1	0	0	0	0	0	0	0	0	0	0	0	0	0	0.03	0.03
0	0	0	0	0	0	0	1	0	0	0	1	0	1	0	0	0	1	0.08	0.08
0	0	0	0	0	0	0	0	0	0	0	0	0	1	0	0	0	0	0.1	0.12
0	0	0	0	0	0	0	0	0	0	0	0	0	1	0	0	0	1	0.04	0.055
0	0	0	0	0	0	0	0	0	1	0	0	0	0	1	0	0	0	0.115	0.115
0	0	0	0	0	0	0	0	0	0	0	0	0	0	0	0	0	0	0	0
0	0	0	0	0	0	0	0	0	0	0	0	0	0	0	0	0	0	0	0
0	0	0	0	0	0	0	1	1	0	0	0	0	0	0	0	0	0	0.2	0.2
0	0	0	0	0	0	0	0	0	0	0	1	0	0	0	0	0	0	0.3	0.47
0	0	0	0	0	0	0	0	0	0	0	0	0	0	0	0	0	0	0	0
0	0	0	0	0	0	0	0	0	0	0	0	0	1	0	0	0	0	0.04	0.04
0	0	0	0	0	0	0	1	0	0	0	0	0	0	0	0	0	0	0.12	0.12
0	0	0	0	0	0	0	0	0	0	0	0	0	0	0	0	0	0	0	0
0	0	0	0	1	0	0	0	0	0	0	0	0	0	0	0	0	0	0.045	0.05
0	0	0	0	0	0	0	0	0	0	0	1	0	0	0	0	0	0	0.08	0.1
0	0	0	0	0	0	0	0	0	0	0	0	0	0	0	0	0	0	0	0
0	0	0	0	0	0	0	0	0	0	0	0	0	0	0	0	0	0	0	0
0	0	0	0	0	0	0	0	1	0	0	0	0	0	0	0	0	0	0.12	0.12
0	0	0	0	0	0	0	0	0	0	0	0	0	0	0	0	0	0	0	0
0	0	0	0	0	0	0	0	0	0	0	0	0	0	0	0	0	0	0	0
0	0	0	0	0	0	0	0	0	0	0	0	0	1	0	0	0	0	0.015	0.04
0	0	0	0	0	0	0	0	0	0	0	0	0	1	0	0	0	0	0.05	0.1
0	0	0	0	0	0	0	0	0	0	0	0	0	0	0	0	0	0	0	0
0	0	0	0	0	0	0	0	0	0	0	0	0	0	0	0	0	0	0	0
0	0	0	0	0	0	0	0	0	0	0	0	0	1	0	0	0	0	0.18	0.18
0	0	0	0	0	0	0	0	0	0	0	0	0	0	0	0	0	0	0	0
0	0	0	0	0	0	0	0	0	0	0	0	0	0	0	0	0	0	0	0
0	0	0	0	0	1	0	1	0	1	0	0	0	1	0	0	0	0	0.15	0.15
0	0	0	0	0	0	0	0	0	0	0	1	0	1	0	0	0	1	0.1	0.1
0	0	0	0	0	0	0	1	0	0	0	1	0	1	0	0	0	0	0.09	0.13
0	0	0	0	0	0	0	0	0	1	0	0	0	0	0	0	0	0	0.14	0.18
0	0	0	0	0	0	0	0	0	0	0	1	0	1	0	0	0	1	0.06	0.07
0	0	0	0	0	0	0	0	0	0	0	0	0	0	0	0	0	0	0	0
0	0	0	0	0	0	0	0	0	0	0	1	0	1	0	0	0	1	0.12	0.15
0	0	0	0	0	0	0	0	0	0	0	0	0	0	0	0	0	0	0	0
0	0	0	0	0	1	1	1	0	0	0	0	0	1	1	0	0	0	0.12	0.12
0	0	0	0	0	1	0	1	0	0	0	1	0	1	0	0	0	1	0.035	0.035
0	0	0	0	0	0	0	0	1	0	0	1	0	0	0	0	0	0	0.1	0.16
0	0	0	0	0	0	0	0	0	0	0	1	0	1	0	0	0	1	0.1	0.2
0	0	0	0	0	0	0	0	0	0	0	0	0	1	0	0	0	0	0.09	0.09
0	0	0	0	0	1	1	0	0	0	0	0	0	1	0	0	0	0	0.07	0.1
0	0	0	0	0	0	0	1	0	0	0	1	0	1	0	0	0	1	0.04	0.07
0	0	0	0	0	0	0	0	0	0	0	0	0	1	1	0	0	0	0.04	0.1
0	0	0	0	0	0	0	0	0	0	0	1	0	1	0	0	0	1	0.1	0.1
0	0	0	0	0	0	0	0	1	0	0	0	0	0	0	0	0	0	0.05	0.055
0	0	0	0	0	0	0	0	0	0	0	0	0	0	0	0	0	0	0	0
0	0	0	0	0	0	0	1	0	0	0	0	0	1	0	0	0	0	0.3	0.47
0	0	0	0	0	0	0	0	0	0	0	1	0	0	0	0	0	1	0.03	0.06
0	0	0	0	0	0	0	1	0	0	0	1	0	1	0	0	0	1	0.07	0.07
0	0	0	0	0	0	0	0	0	1	0	0	0	0	0	0	0	0	0.09	0.1
0	0	0	0	0	0	0	0	1	0	0	0	0	0	0	0	0	0	0.025	0.025
0	0	0	0	0	0	0	0	0	1	0	0	0	0	0	0	0	0	0.1	0.1
0	0	0	0	1	1	0	1	0	0	0	0	0	1	0	0	0	0	0.18	0.4
0	0	0	0	0	0	0	0	0	1	0	0	0	1	1	0	0	1	0.1	0.1
0	0	0	0	0	0	0	0	0	0	0	0	0	0	0	0	0	0	0	0
0	0	0	0	0	0	0	0	0	0	0	0	0	1	0	0	0	0	0.06	0.12
0	0	0	0	0	0	0	0	0	0	0	0	0	1	1	0	0	1	0.1	0.1
0	0	0	0	0	0	0	0	0	0	0	0	0	0	0	0	0	0	0	0
0	0	0	0	1	0	0	0	0	0	0	0	0	0	0	0	0	0	0.05	0.05
0	0	0	0	0	0	0	0	1	0	0	0	0	0	0	0	0	0	0.045	0.045
0	0	0	0	0	0	0	0	0	0	0	1	0	1	0	0	0	1	0.04	0.04
0	0	0	0	0	0	0	0	0	0	0	1	0	0	0	0	0	0	0.17	0.17
0	0	0	0	0	0	0	0	0	0	0	0	0	0	0	0	0	0	0	0
0	0	0	0	0	0	0	0	0	0	0	0	0	0	0	0	0	0	0	0
0	0	0	0	0	0	0	1	1	0	0	0	0	1	0	0	0	0	0.1	0.25
0	0	0	0	0	0	0	0	0	0	0	1	0	1	0	0	0	0	0.1	0.1
0	0	0	0	0	0	0	0	0	0	0	0	0	0	0	0	0	1	0.09	0.13
0	0	0	0	0	0	0	0	0	0	0	0	0	0	0	0	0	0	0	0
0	0	0	0	0	0	0	1	0	1	0	1	0	1	0	0	0	0	0.2354	0.29425
0	0	0	0	0	0	0	0	0	0	0	0	0	0	0	0	0	0	0	0
0	0	0	0	0	0	0	1	0	1	0	0	0	0	0	0	0	0	0.06	0.06
0	0	0	0	0	0	0	1	0	0	0	1	0	1	0	0	0	1	0.11	0.11
0	0	0	0	0	0	0	0	0	0	0	0	0	0	0	0	0	0	0	0
0	0	0	0	0	0	0	0	0	1	0	0	0	0	0	0	0	0	0.15	0.15
0	0	0	0	0	0	0	0	0	0	0	1	0	1	0	0	0	0	0.08	0.14
0	0	0	0	0	0	0	0	1	0	0	0	0	1	1	0	0	1	0.15	0.18
0	0	0	0	0	0	0	0	0	0	0	0	0	0	0	0	0	0	0	0
0	0	0	0	0	0	0	0	0	0	0	0	0	1	0	0	0	0	0.15	0.15
0	0	0	0	0	0	0	0	1	0	0	0	0	0	0	0	0	0	0.035	0.035
0	0	0	0	0	0	0	0	0	0	0	0	0	0	0	0	0	0	0	0
0	0	0	0	0	0	0	0	0	1	0	0	0	1	0	0	0	0	0.063	0.063
0	0	0	0	0	0	0	0	0	0	0	0	0	1	0	0	0	0	0.2	0.2
0	0	0	0	0	0	0	0	0	0	0	0	0	0	0	0	0	0	0	0
0	0	0	0	0	1	1	0	0	0	0	0	0	0	0	0	0	0	0.075	0.075
0	0	0	0	0	0	0	0	0	0	0	0	0	0	0	0	0	0	0	0
0	0	0	0	0	0	0	0	0	1	0	0	0	0	0	0	0	0	0.25	0.25
0	0	0	0	1	0	0	0	0	0	0	0	0	0	0	0	0	0	0.06	0.06
0	0	0	0	0	0	0	0	0	0	0	1	0	1	0	0	0	1	0.05	0.05
0	0	0	0	0	0	0	1	0	1	0	1	0	0	0	0	0	0	0.07	0.07
0	0	0	0	0	0	0	0	1	0	0	0	0	0	0	0	0	0	0.05	0.05
0	0	0	0	1	0	0	0	0	0	0	0	0	0	0	0	0	0	0.0261	0.0261
0	0	0	0	0	0	0	1	0	0	0	1	0	1	0	0	0	0	0.06	0.06
0	0	0	0	0	0	0	0	0	0	0	1	0	1	0	0	0	1	0.08	0.08
0	0	0	0	0	0	0	0	0	0	0	0	0	0	0	0	0	0	0	0
0	0	0	0	1	0	0	0	0	0	0	0	0	1	1	0	0	0	0.12	0.12
0	0	0	0	0	0	0	0	0	0	0	0	0	0	0	0	0	0	0	0
0	0	0	0	0	0	0	0	0	0	0	0	0	0	0	0	0	0	0	0
0	0	0	0	0	0	0	1	0	0	0	0	0	0	0	0	0	0	0.125	0.15
0	0	0	0	0	1	0	0	0	0	0	0	0	0	0	0	0	0	0.05	0.05
0	0	0	0	0	0	0	1	0	0	0	0	0	0	0	0	0	0	0.1177	0.147125
0	0	0	0	0	0	0	0	0	1	0	0	0	0	0	0	0	0	0.15	0.15
0	0	0	0	0	0	0	0	0	0	0	0	0	0	0	0	0	0	0	0
0	0	0	0	0	0	0	0	0	0	0	0	0	1	1	0	0	1	0.12	0.12
0	0	0	0	0	0	0	0	0	0	0	0	0	0	0	0	0	0	0	0
0	0	0	0	0	0	0	0	0	0	0	0	0	0	0	0	0	0	0	0
0	0	0	0	0	0	0	0	0	0	0	1	0	1	0	0	0	0	0.1	0.14
0	0	0	0	0	0	0	1	1	0	0	0	0	0	0	0	0	0	0.12	0.18
0	1	0	0	0	0	0	1	0	0	0	1	0	1	0	0	0	0	0.1	0.1
0	0	0	0	0	0	0	1	0	0	0	0	0	0	0	0	0	0	0.15	0.15
0	0	0	0	0	0	0	0	0	0	0	1	0	1	0	0	0	1	0.06	0.06
0	0	0	0	0	0	0	0	0	0	0	0	0	1	0	0	0	0	0.03	0.04
0	0	0	0	1	0	0	0	0	0	0	0	0	0	0	0	0	0	0.05	0.05
0	0	0	0	0	0	0	0	0	0	0	0	0	1	0	0	0	0	0.08	0.1
0	0	0	0	1	0	0	0	0	0	0	0	0	0	0	0	0	0	0.02	0.02
0	0	0	0	0	0	0	0	0	0	0	0	0	1	0	0	0	0	0.08	0.09
0	0	0	0	0	0	0	0	0	0	0	0	0	1	1	0	0	0	0.08	0.15
0	0	0	0	0	0	0	0	0	1	0	0	0	0	0	0	0	0	0.06	0.06
0	0	0	0	0	0	0	0	0	0	0	0	0	1	0	0	0	1	0.08	0.15
0	0	0	0	0	1	0	0	0	0	0	0	0	0	0	0	0	0	0.15	0.15
0	0	0	0	0	0	0	0	0	0	0	0	0	0	0	0	0	0	0	0
0	0	0	0	0	0	0	0	1	0	0	0	0	0	0	0	0	0	0.08	0.15
0	0	0	0	1	0	0	0	0	0	0	0	0	0	0	0	0	0	0.11	0.12
0	0	0	0	0	0	0	0	0	0	0	0	0	0	0	0	0	0	0	0
0	0	0	0	0	0	0	0	0	0	0	0	0	0	0	0	0	0	0	0
0	0	0	0	1	0	0	0	0	0	0	0	0	0	0	0	0	0	0.05	0.05
0	0	0	0	0	0	0	0	0	0	0	0	0	0	0	0	0	0	0	0
0	0	0	0	0	0	0	1	0	0	0	0	0	0	0	0	0	0	0.083	0.083
0	0	0	0	0	0	0	0	0	1	0	0	0	0	0	0	0	0	0.13	0.13
0	0	0	0	0	0	0	1	1	0	0	0	0	0	0	0	0	0	0.12	0.12
0	0	0	0	0	0	0	0	0	0	0	1	0	1	0	0	0	1	0.1	0.15
0	0	0	0	0	0	0	0	0	0	0	1	0	0	0	0	0	0	0.03	0.045
0	0	0	0	0	0	0	1	0	0	0	0	0	0	0	0	0	0	0.13	0.13
0	0	0	0	0	0	0	0	0	0	0	0	0	1	0	0	0	1	0.1	0.15
0	0	0	0	0	0	0	0	1	0	0	0	0	0	0	0	0	0	0.06	0.12
0	0	0	0	0	0	0	1	1	0	0	0	0	0	0	0	0	0	0.15	0.15
0	0	0	0	0	1	0	0	0	0	0	0	0	1	0	0	0	0	0.11	0.16
0	0	0	0	0	1	0	1	0	0	0	0	0	0	0	0	0	0	0.15	0.19
0	0	0	0	0	1	0	0	0	0	0	0	0	1	0	0	0	0	0.065	0.065
0	0	0	0	0	0	0	0	0	0	0	0	0	0	0	0	0	0	0	0
0	0	0	0	0	1	0	1	0	0	0	0	0	0	0	0	0	0	0.14	0.14
0	0	0	0	0	0	0	0	0	0	0	0	0	1	1	0	0	0	0.1	0.1
0	0	0	0	0	0	0	1	0	0	0	0	0	1	0	0	0	0	0.12	0.12
0	0	0	0	0	0	0	0	0	0	0	1	0	0	0	0	0	0	0.05	0.05
0	0	0	0	0	0	0	0	1	0	0	0	0	0	0	0	0	0	0.264825	0.264825
0	0	0	0	0	1	0	1	0	0	0	0	0	0	0	0	0	0	0.25	0.25
0	0	0	0	0	0	0	0	0	0	0	1	0	1	1	0	0	1	0.1	0.14
0	0	0	0	0	0	0	0	0	0	0	1	0	1	0	0	0	1	0.115	0.165
0	0	0	0	0	0	0	0	0	0	0	0	0	0	0	0	0	0	0	0
0	0	0	0	0	0	0	0	0	0	0	0	0	0	0	0	0	0	0	0
0	0	0	0	0	0	0	0	0	0	0	1	0	1	0	0	0	0	0.08	0.125
0	0	0	0	0	0	0	1	1	0	0	0	0	0	0	0	0	0	0.15	0.15
0	0	0	0	0	0	0	0	0	0	0	0	0	0	0	0	0	0	0	0
0	0	0	0	0	0	0	0	0	0	0	0	0	0	0	0	0	0	0	0
0	0	0	0	0	0	0	0	0	0	0	0	0	0	0	0	0	0	0	0
0	0	0	0	0	0	0	0	0	0	0	0	0	0	0	0	0	0	0	0
0	0	0	0	0	0	0	0	0	0	0	1	0	1	0	0	0	0	0.12	0.12
0	0	0	0	0	1	0	0	0	0	0	0	0	0	0	0	0	0	0.174196	0.174196
0	0	0	0	0	0	0	0	0	0	0	1	0	1	0	0	0	0	0.085	0.085
0	0	0	0	0	0	0	0	0	1	0	0	0	0	0	0	0	0	0.14	0.14
0	0	0	0	0	0	0	1	0	0	0	1	0	1	0	0	0	1	0.1	0.15
0	0	0	0	0	0	0	0	0	0	0	0	0	0	0	0	0	0	0	0
0	0	0	0	0	0	0	0	1	0	0	0	0	0	0	0	0	0	0.05	0.1
0	0	0	0	0	0	0	1	0	0	0	0	0	1	1	0	0	1	0.11	0.11
0	0	0	0	0	0	0	0	0	1	0	0	0	0	0	0	0	0	0.16	0.16
0	0	0	0	1	0	0	0	0	0	0	0	0	0	0	0	0	0	0.0435	0.0435
0	0	0	0	0	1	0	0	0	0	0	0	0	0	0	0	0	0	0.1	0.15
0	0	0	0	0	0	0	0	0	0	0	1	0	0	0	0	0	1	0.1	0.1
0	0	0	0	0	0	0	0	0	0	0	0	0	0	0	0	0	0	0	0
0	0	0	0	0	0	0	0	0	0	0	0	0	0	0	0	0	0	0	0
0	0	0	0	0	0	0	0	1	0	0	0	0	0	0	0	0	0	0.04	0.04
0	0	0	0	0	0	0	1	0	1	0	0	0	0	0	0	0	0	0.147125	0.18832
0	0	0	0	0	0	0	0	0	0	0	0	0	0	0	0	0	0	0	0
0	0	0	0	0	0	0	0	0	0	0	0	0	1	0	0	0	0	0.05	0.05
0	0	0	0	0	0	0	0	0	0	0	1	0	0	0	0	0	0	0.05	0.05
0	0	0	0	0	0	0	0	0	0	0	0	0	0	0	0	0	0	0	0
0	0	0	0	0	0	0	0	0	1	0	0	0	1	0	0	0	0	0.106	0.135
0	0	0	0	0	0	0	0	0	0	0	0	0	0	0	0	0	0	0	0
0	0	0	0	0	0	0	0	0	0	0	0	0	0	0	0	0	0	0	0
0	0	0	0	0	0	0	0	1	0	0	0	0	0	0	0	0	0	0.04	0.04
0	0	0	0	0	0	0	0	0	1	0	0	0	0	0	0	0	0	0.1	0.12
0	0	0	0	0	0	0	0	0	0	0	1	0	1	0	0	0	1	0.025	0.025
0	0	0	0	0	0	0	0	1	0	0	0	0	0	0	0	0	0	0.075	0.135
0	0	0	0	0	0	0	0	0	0	0	0	0	0	0	0	0	0	0	0
0	0	0	0	0	0	0	0	0	0	0	1	0	1	0	0	0	1	0.04	0.06
0	0	0	0	0	0	0	0	1	0	0	0	0	0	0	0	0	0	0.05	0.055
0	0	0	0	0	0	0	0	1	0	0	0	0	0	0	0	0	0	0.04	0.04
0	0	0	0	0	0	0	0	1	0	0	0	0	0	0	0	0	0	0.08	0.15
0	0	0	0	0	0	0	0	1	0	0	0	0	0	0	0	0	0	0.05	0.07
0	0	0	0	0	0	0	0	0	0	0	0	0	0	0	0	0	0	0	0
0	0	0	0	0	0	0	1	0	0	0	0	0	1	0	0	0	0	0.17	0.17
0	0	0	0	0	0	0	0	0	0	0	1	0	1	0	0	0	0	0.055	0.06
0	0	0	0	0	0	0	0	0	0	0	0	0	0	0	0	0	0	0	0
0	0	0	0	0	1	0	0	0	0	0	0	0	0	0	0	0	0	0.02	0.03
0	0	0	0	0	1	0	0	0	0	0	0	0	0	0	0	0	0	0.07	0.15
0	0	0	0	0	0	0	0	0	0	0	1	0	0	0	0	0	1	0.1	0.1
0	0	0	0	0	0	0	0	0	0	0	0	0	0	0	0	0	0	0	0
0	0	0	0	1	0	0	0	0	0	0	0	0	0	0	0	0	0	0.06	0.06
0	0	0	0	0	1	0	0	0	0	0	0	0	0	0	0	0	0	0.1	0.1
0	0	0	0	0	1	0	0	0	1	0	0	0	0	0	0	0	0	0.08	0.08
0	0	0	0	0	0	0	0	1	0	0	0	0	0	0	0	0	0	0.07	0.12
0	1	0	0	0	0	0	0	0	0	0	1	0	1	0	0	0	1	0.08	0.1
0	0	0	0	0	0	0	1	0	0	0	0	0	1	1	0	0	0	0.08	0.12
0	0	0	0	0	0	0	0	0	0	0	0	0	0	0	0	0	0	0	0
0	0	0	0	0	1	0	0	0	0	0	0	0	1	0	0	0	0	0.15	0.15
0	0	0	0	0	0	0	0	0	0	0	0	0	0	0	0	0	0	0	0
0	0	0	0	0	0	0	1	0	0	0	0	0	0	0	0	0	0	0.14	0.14
0	0	0	0	0	0	0	0	0	0	0	0	0	1	0	0	0	1	0.12	0.12
0	0	0	0	0	0	0	0	0	0	0	0	0	0	0	0	0	0	0	0
0	0	0	0	0	0	0	0	0	0	0	0	0	0	0	0	0	0	0	0
0	0	0	0	0	0	0	0	0	0	0	0	0	0	0	0	0	0	0	0
0	0	0	0	0	0	0	0	0	1	0	0	0	0	0	0	0	0	0.03	0.045
0	0	0	0	0	0	0	0	0	0	0	0	0	0	0	0	0	0	0	0
0	0	0	0	0	0	0	0	0	0	0	0	0	0	0	0	0	0	0	0
0	0	0	0	0	0	0	1	0	0	0	0	0	0	0	0	0	0	0.18	0.25
0	0	0	0	0	0	0	0	0	0	0	0	0	0	0	0	0	0	0	0
0	0	0	0	0	0	0	1	0	0	0	0	0	0	0	0	0	0	0.11	0.11
0	0	0	0	0	0	0	0	0	0	0	1	0	0	0	0	0	0	0.07	0.12
0	0	0	0	0	0	0	0	0	0	0	1	0	1	0	0	0	1	0.07	0.07
0	0	0	0	0	0	0	0	0	0	0	0	0	0	0	0	0	0	0	0
0	0	0	0	0	0	0	0	0	1	0	0	0	1	0	0	0	1	0.09	0.09
0	0	0	0	0	1	1	0	0	0	0	0	0	0	0	0	0	0	0.07	0.07
0	0	0	0	0	0	0	0	0	0	0	0	0	1	0	0	0	0	0.1	0.1
0	0	0	0	0	0	0	0	0	0	0	0	0	0	0	0	0	0	0	0
0	0	0	0	0	0	0	0	1	0	0	0	0	0	0	0	0	0	0.08	0.1
0	1	0	0	0	0	0	0	0	0	0	0	0	1	0	0	0	0	0.09	0.09
0	0	0	0	0	0	0	1	0	0	0	0	0	0	0	0	0	0	0.04	0.06
0	0	0	0	0	0	0	0	0	0	0	0	0	0	0	0	0	0	0	0
0	0	0	0	0	0	0	0	1	0	0	1	0	1	0	0	0	0	0.08	0.1
0	0	0	0	0	0	0	0	0	0	0	1	0	1	0	0	0	0	0.15	0.22
0	0	0	0	0	0	0	0	0	0	0	0	0	0	0	0	0	0	0	0
0	0	0	0	0	1	0	0	0	0	0	0	0	0	0	0	0	0	0.09	0.09
0	0	0	0	0	0	0	0	0	0	0	0	0	0	0	0	0	0	0	0
0	0	0	0	0	0	0	0	0	0	0	0	0	0	0	0	0	0	0	0
0	0	0	0	0	0	0	1	1	0	0	0	0	0	0	0	0	0	0.05	0.12
0	0	0	0	1	0	0	0	0	0	0	0	0	0	0	0	0	0	0.04	0.04
0	0	0	0	0	0	0	0	0	0	0	0	0	1	0	0	0	0	0.04	0.04
0	0	0	0	0	0	0	1	0	0	0	1	0	1	0	0	0	1	0.08	0.1
0	0	0	0	0	0	0	0	0	0	0	0	0	0	0	0	0	0	0	0
0	0	0	0	0	0	0	0	0	0	0	0	0	1	0	0	0	1	0.045	0.045
0	0	0	0	0	0	0	1	0	0	0	0	0	1	0	0	0	0	0.015	0.015
0	0	0	0	0	0	0	1	1	0	0	0	0	0	0	0	0	0	0.12	0.14
0	0	0	0	0	0	0	0	0	0	0	0	0	0	0	0	0	0	0	0
0	0	0	0	0	0	0	0	0	0	0	0	0	1	0	0	0	0	0.06	0.06
0	0	0	0	0	0	0	0	0	0	0	0	0	0	0	0	0	0	0	0
0	0	0	0	0	0	0	0	1	0	0	0	0	0	0	0	0	0	0.04	0.04
0	0	0	0	0	0	0	0	0	0	0	0	0	1	0	0	0	0	0.09	0.12
0	0	0	0	0	0	0	0	0	0	0	1	0	0	0	0	0	1	0.1	0.1
0	0	0	0	0	0	0	0	1	0	0	0	0	0	0	0	0	0	0.04	0.1
0	0	0	0	0	0	0	0	0	0	0	0	0	0	0	0	0	0	0	0
0	0	0	0	0	0	0	1	1	0	0	0	0	0	0	0	0	0	0.1	0.1
0	0	0	0	0	0	0	0	1	0	0	0	0	0	0	0	0	0	0.035	0.035
0	0	0	0	0	0	0	0	0	0	0	0	0	0	0	0	0	0	0	0
0	0	0	0	0	0	0	0	0	0	0	0	0	0	0	0	0	0	0	0
0	0	0	0	0	0	0	0	0	0	0	0	0	1	0	0	0	1	0.09	0.09
0	0	0	0	0	0	0	0	0	0	0	0	0	0	0	0	0	0	0	0
0	0	0	0	0	0	0	0	0	0	0	0	0	0	0	0	0	0	0	0
0	1	0	0	0	0	0	0	0	0	0	1	0	1	0	0	0	1	0.08	0.12
0	1	0	0	0	0	0	0	0	0	0	0	0	1	0	0	0	1	0.05	0.1
0	0	0	0	0	0	0	1	1	0	0	0	0	0	0	0	0	0	0.1	0.1
0	1	0	0	0	0	0	0	0	0	0	1	0	1	0	0	0	0	0.1	0.1
0	0	0	0	0	1	0	0	0	1	0	0	0	0	0	0	0	0	0.06	0.08
0	0	0	0	0	1	1	1	0	0	0	0	0	0	0	0	0	0	0.09	0.12
0	0	0	0	0	0	0	0	0	0	0	0	0	0	0	0	0	0	0	0
0	0	0	0	1	0	0	0	0	0	0	0	0	0	0	0	0	0	0.06	0.06
0	0	0	0	0	0	0	0	0	1	0	0	0	0	0	0	0	0	0.02	0.03
0	0	0	0	0	0	0	0	0	0	0	1	0	0	0	0	0	0	0.06	0.06
0	0	0	0	0	0	0	0	0	0	0	0	0	1	0	0	0	0	0.06	0.06
0	0	0	0	0	0	0	0	0	0	0	0	0	1	0	0	0	1	0.08	0.09
0	0	0	0	0	0	0	0	0	1	0	0	0	0	0	0	0	0	0.065	0.065
0	0	0	0	0	0	0	0	0	0	0	1	0	1	0	0	0	1	0.07	0.11
0	0	0	0	0	0	0	1	0	0	0	0	0	1	0	0	0	0	0.04	0.045
0	0	0	0	0	0	0	0	0	0	0	0	0	0	0	0	0	0	0	0
0	0	0	0	0	0	0	0	0	0	0	0	0	1	0	0	0	0	0.025	0.05
0	0	0	0	0	0	0	0	1	0	0	0	0	0	0	0	0	0	0.088275	0.17655
0	0	0	0	0	0	0	0	0	1	0	0	0	0	0	0	0	0	0.09	0.09
0	0	0	0	0	0	0	0	0	0	0	1	0	1	0	0	0	0	0.06	0.06
0	0	0	0	0	0	0	0	0	0	0	0	0	1	1	0	0	0	0.1	0.1
0	0	0	0	0	0	0	0	0	1	0	0	0	1	0	0	0	0	0.14	0.14
0	0	0	0	0	0	0	0	0	0	0	1	0	1	0	0	0	1	0.1	0.1
0	0	0	0	0	0	0	1	1	0	0	0	0	1	0	0	0	0	0.12	0.12
0	0	0	0	0	1	0	0	0	0	0	0	0	0	0	0	0	0	0.045	0.06
0	0	0	0	0	0	0	0	0	0	0	0	0	1	0	0	0	1	0.06	0.12
0	0	0	0	0	0	0	0	0	0	0	1	0	0	0	0	0	0	0.06	0.1
0	0	0	0	0	0	0	0	0	1	0	0	0	0	0	0	0	0	0.08	0.14
0	0	0	0	0	0	0	1	0	0	0	0	0	0	1	0	0	0	0.13	0.17
0	0	0	0	0	0	0	1	1	0	0	0	0	0	0	0	0	0	0.17655	0.2354
0	0	0	0	0	0	0	0	0	0	0	0	0	0	0	0	0	0	0	0
0	0	0	0	0	0	0	1	0	0	0	0	0	0	0	0	0	0	0.05	0.07
0	0	0	0	0	0	0	0	0	0	0	0	0	0	0	0	0	0	0	0
0	0	0	0	0	0	0	0	0	0	0	0	0	1	1	0	0	1	0.15	0.15
0	0	0	0	0	0	0	0	0	0	0	0	0	0	0	0	0	0	0	0
0	0	0	0	0	0	0	0	0	0	0	0	0	1	0	0	0	0	0.08	0.175
0	0	0	0	0	0	0	0	0	0	0	0	0	0	0	0	0	0	0	0
0	0	0	0	0	0	0	0	0	0	0	0	0	1	0	0	0	0	0.04	0.04
0	0	0	0	0	0	0	0	0	0	0	0	0	0	0	0	0	0	0	0
0	0	0	0	0	1	1	0	0	0	0	0	0	1	0	0	0	0	0.03	0.03
0	0	0	0	0	0	0	0	0	0	0	0	0	0	0	0	0	0	0	0
0	0	0	0	0	0	0	1	0	1	0	0	0	0	0	0	0	0	0.2354	0.29425
0	0	0	0	0	0	0	0	1	0	0	0	0	0	0	0	0	0	0.04	0.04
0	0	0	0	0	0	0	1	0	0	0	1	0	1	0	0	0	1	0.06	0.085
0	0	0	0	0	0	0	0	0	0	0	0	0	1	0	0	0	0	0.08	0.15
0	0	0	0	0	0	0	0	0	0	0	0	0	0	0	0	0	0	0	0
0	0	0	0	0	0	0	0	1	0	0	0	0	0	0	0	0	0	0.02	0.02
0	0	0	0	0	0	0	0	0	0	0	0	0	1	0	0	0	1	0.12	0.12
0	0	0	0	0	0	0	1	0	0	0	0	0	0	0	0	0	0	0.07	0.12
0	0	0	0	0	0	0	0	1	0	0	0	0	1	1	0	0	1	0.15	0.19
0	0	0	0	0	0	0	0	0	0	0	0	0	0	0	0	0	0	0	0
0	0	0	0	0	0	0	0	1	0	0	0	0	0	0	0	0	0	0.02	0.06
0	0	0	0	0	0	0	0	0	1	0	0	0	0	0	0	0	0	0.07	0.09
0	0	0	0	0	0	0	0	0	0	0	0	0	0	0	0	0	0	0	0
0	0	0	0	0	0	0	0	0	0	0	1	0	1	0	0	0	1	0.1	0.1
0	0	0	0	0	0	0	0	1	1	0	0	0	0	0	0	0	0	0.13	0.13
0	0	0	0	0	0	0	0	0	0	0	0	0	0	0	0	0	0	0	0
0	0	0	0	0	1	0	0	0	0	0	0	0	0	0	0	0	0	0.04	0.06
0	0	0	0	0	0	0	0	0	0	0	0	0	0	0	0	0	0	0	0
0	0	0	0	0	0	0	0	0	0	0	0	0	0	0	0	0	0	0	0
0	1	0	0	1	0	0	0	0	0	0	1	0	1	1	0	0	1	0.1	0.14
0	0	0	0	0	0	0	0	0	0	0	0	0	0	0	0	0	0	0	0
0	0	0	0	0	0	0	0	0	0	0	0	0	1	0	0	0	0	0.1	0.25
0	0	0	0	0	0	0	0	0	0	0	0	0	1	0	0	0	0	0.035	0.035
0	0	0	0	0	0	0	1	1	0	0	0	0	0	0	0	0	0	0.2	0.2
0	0	0	0	0	0	0	1	0	0	0	0	0	1	0	0	0	0	0.038	0.045
0	0	0	0	0	0	0	0	0	0	0	0	0	0	0	0	0	0	0	0